1000565.METUNv1_02978	r__Root; d__Bacteria; p__Pseudomonadota; c__Betaproteobacteria; o__Nitrosomonadales; f__Sterolibacteriaceae; g__Methyloversatilis; s__Methyloversatilis universalis
102125.Xen7305DRAFT_00052630	r__Root; d__Bacteria; p__Cyanobacteriota; c__Cyanophyceae; o__Pleurocapsales; f__Xenococcaceae; g__Xenococcus; s__Xenococcus sp. PCC 7305
1122203.GCA_000420725_02669	r__Root; d__Bacteria; p__Bacillota; c__Bacilli; o__Bacillales; f__Bacillaceae; g__Marinococcus; s__Marinococcus halotolerans
316058.RPB_4625	r__Root; d__Bacteria; p__Pseudomonadota; c__Alphaproteobacteria; o__Hyphomicrobiales; f__Nitrobacteraceae; g__Rhodopseudomonas; s__Rhodopseudomonas palustris
317010.RU96_GL001188	r__Root; d__Bacteria; p__Bacillota; c__Bacilli; o__Lactobacillales; f__Enterococcaceae; g__Enterococcus; s__Enterococcus canintestini
317025.Tcr_1545	r__Root; d__Bacteria; p__Pseudomonadota; c__Gammaproteobacteria; o__Thiotrichales; f__Piscirickettsiaceae; g__Hydrogenovibrio; s__Hydrogenovibrio crunogenus
317619.GCA_000332315_01186	r__Root; d__Bacteria; p__Cyanobacteriota; c__Cyanophyceae; o__Prochlorotrichales; f__Prochlorotrichaceae; g__Prochlorothrix; s__Prochlorothrix hollandica
317735.RU98_GL001417	r__Root; d__Bacteria; p__Bacillota; c__Bacilli; o__Lactobacillales; f__Enterococcaceae; g__Enterococcus; s__Enterococcus caccae
317936.Nos7107_3132	r__Root; d__Bacteria; p__Cyanobacteriota; c__Cyanophyceae; o__Nostocales; f__Nostocaceae; g__Nostoc; s__Nostoc sp. PCC 7107
318456.GCA_001455895_01177	r__Root; d__Bacteria; p__Pseudomonadota; c__Gammaproteobacteria; o__Vibrionales; f__Vibrionaceae; g__Photobacterium; s__Photobacterium kishitanii
318996.GCA_000473065_04617	r__Root; d__Bacteria; p__Pseudomonadota; c__Alphaproteobacteria; o__Hyphomicrobiales; f__Nitrobacteraceae; g__Bradyrhizobium; s__Bradyrhizobium sp. WSM1743
31958.SD37_24365	r__Root; d__Bacteria; p__Actinomycetota; c__Actinomycetes; o__Pseudonocardiales; f__Pseudonocardiaceae; g__Amycolatopsis; s__Amycolatopsis orientalis
319970.RV00_GL002184	r__Root; d__Bacteria; p__Bacillota; c__Bacilli; o__Lactobacillales; f__Enterococcaceae; g__Enterococcus; s__Enterococcus devriesei
1122204.SAMN05421781_0341	r__Root; d__Bacteria; p__Bacillota; c__Bacilli; o__Bacillales; f__Bacillaceae; g__Marinococcus; s__Marinococcus luteus
32049.SYNPCC7002_A1096	r__Root; d__Bacteria; p__Cyanobacteriota; c__Cyanophyceae; o__Chroococcales; f__Geminocystaceae; g__Picosynechococcus; s__Picosynechococcus sp. PCC 7002
320778.ABT57_10720	r__Root; d__Bacteria; p__Pseudomonadota; c__Gammaproteobacteria; o__Vibrionales; f__Vibrionaceae; g__Photobacterium; s__Photobacterium ganghwense
321967.LSEI_0650	r__Root; d__Bacteria; p__Bacillota; c__Bacilli; o__Lactobacillales; f__Lactobacillaceae; g__Lacticaseibacillus; s__Lacticaseibacillus paracasei
323261.Noc_1132	r__Root; d__Bacteria; p__Pseudomonadota; c__Gammaproteobacteria; o__Chromatiales; f__Chromatiaceae; g__Nitrosococcus; s__Nitrosococcus oceani
323848.Nmul_A0461	r__Root; d__Bacteria; p__Pseudomonadota; c__Betaproteobacteria; o__Nitrosomonadales; f__Nitrosomonadaceae; g__Nitrosospira; s__Nitrosospira multiformis
323848.Nmul_A0465	r__Root; d__Bacteria; p__Pseudomonadota; c__Betaproteobacteria; o__Nitrosomonadales; f__Nitrosomonadaceae; g__Nitrosospira; s__Nitrosospira multiformis
325777.GW15_0219055	r__Root; d__Bacteria; p__Pseudomonadota; c__Gammaproteobacteria; o__Lysobacterales; f__Lysobacteraceae; g__Xanthomonas; s__Xanthomonas axonopodis
326298.Suden_1236	r__Root; d__Bacteria; p__Campylobacterota; c__Epsilonproteobacteria; o__Campylobacterales; f__Sulfurimonadaceae; g__Sulfurimonas; s__Sulfurimonas denitrificans
329726.AM1_0091	r__Root; d__Bacteria; p__Cyanobacteriota; c__Cyanophyceae; o__Acaryochloridales; f__Acaryochloridaceae; g__Acaryochloris; s__Acaryochloris marina
330214.NIDE1449	r__Root; d__Bacteria; p__Nitrospirota; c__Nitrospiria; o__Nitrospirales; f__Nitrospiraceae; g__Nitrospira; s__Nitrospira defluvii
1122215.GCA_000382345_04293	r__Root; d__Bacteria; p__Pseudomonadota; c__Betaproteobacteria; o__Burkholderiales; f__Oxalobacteraceae; g__Massilia; s__Massilia niastensis
33060.ERS008532_01079	r__Root; d__Bacteria; p__Pseudomonadota; c__Gammaproteobacteria; o__Enterobacterales; f__Yersiniaceae; g__Yersinia; s__Yersinia mollaretii
331679.IV81_GL001247	r__Root; d__Bacteria; p__Bacillota; c__Bacilli; o__Lactobacillales; f__Lactobacillaceae; g__Pediococcus; s__Pediococcus stilesii
331869.BAL199_26836	r__Root; d__Bacteria; p__Pseudomonadota; c__Alphaproteobacteria
332949.ATZ33_04020	r__Root; d__Bacteria; p__Bacillota; c__Bacilli; o__Lactobacillales; f__Enterococcaceae; g__Enterococcus; s__Enterococcus silesiacus
332950.BCR25_12105	r__Root; d__Bacteria; p__Bacillota; c__Bacilli; o__Lactobacillales; f__Enterococcaceae; g__Enterococcus; s__Enterococcus termitis
332950.BCR25_13400	r__Root; d__Bacteria; p__Bacillota; c__Bacilli; o__Lactobacillales; f__Enterococcaceae; g__Enterococcus; s__Enterococcus termitis
335283.Neut_1628	r__Root; d__Bacteria; p__Pseudomonadota; c__Betaproteobacteria; o__Nitrosomonadales; f__Nitrosomonadaceae; g__Nitrosomonas; s__Nitrosomonas eutropha
335659.S23_66850	r__Root
336988.NT96_08200	r__Root; d__Bacteria; p__Bacillota; c__Bacilli; o__Lactobacillales; f__Lactobacillaceae; g__Oenococcus; s__Oenococcus kitaharae
33898.GCA_000772895_04584	r__Root; d__Bacteria; p__Actinomycetota; c__Actinomycetes; o__Kitasatosporales; f__Streptomycetaceae; g__Streptomyces; s__Streptomyces galbus
1122236.GCA_000378225_00986	r__Root; d__Bacteria; p__Pseudomonadota; c__Betaproteobacteria; o__Nitrosomonadales; f__Methylophilaceae; g__Methylophilus; s__Methylophilus methylotrophus
33945.RU95_GL004292	r__Root; d__Bacteria; p__Bacillota; c__Bacilli; o__Lactobacillales; f__Enterococcaceae; g__Enterococcus; s__Enterococcus avium
33960.TY91_02415	r__Root; d__Bacteria; p__Bacillota; c__Bacilli; o__Lactobacillales; f__Lactobacillaceae; g__Secundilactobacillus; s__Secundilactobacillus collinoides
33968.BMS77_08455	r__Root; d__Bacteria; p__Bacillota; c__Bacilli; o__Lactobacillales; f__Lactobacillaceae; g__Leuconostoc; s__Leuconostoc pseudomesenteroides
34027.SAMN05421829_111175	r__Root; d__Bacteria; p__Pseudomonadota; c__Betaproteobacteria; o__Rhodocyclales; f__Rhodocyclaceae; g__Aromatoleum; s__Aromatoleum tolulyticum
34103.SAMN05421778_104258	r__Root; d__Bacteria; p__Pseudomonadota; c__Betaproteobacteria; o__Burkholderiales; f__Sphaerotilaceae; g__Sphaerotilus; s__Sphaerotilus natans
34103.SAMN05421778_10883	r__Root; d__Bacteria; p__Pseudomonadota; c__Betaproteobacteria; o__Burkholderiales; f__Sphaerotilaceae; g__Sphaerotilus; s__Sphaerotilus natans
342108.amb0581	r__Root; d__Bacteria; p__Pseudomonadota; c__Alphaproteobacteria; o__Rhodospirillales; f__Magnetospirillaceae; g__Paramagnetospirillum; s__Paramagnetospirillum magneticum
346222.SAMN05216500_105147	r__Root; d__Bacteria; p__Pseudomonadota; c__Gammaproteobacteria; o__Moraxellales; f__Moraxellaceae; g__Acinetobacter; s__Acinetobacter sp. DSM 11652
349519.LCK_01636	r__Root; d__Bacteria; p__Bacillota; c__Bacilli; o__Lactobacillales; f__Lactobacillaceae; g__Leuconostoc; s__Leuconostoc citreum
349521.HCH_00805	r__Root; d__Bacteria; p__Pseudomonadota; c__Gammaproteobacteria; o__Oceanospirillales; f__Hahellaceae; g__Hahella; s__Hahella chejuensis
1122244.GCA_000426885_00538	r__Root; d__Bacteria; p__Pseudomonadota; c__Gammaproteobacteria; o__Moraxellales; f__Moraxellaceae; g__Moraxella; s__Moraxella caprae
356305.SAMN05421841_2655	r__Root; d__Bacteria; p__Bacteroidota; c__Flavobacteriia; o__Flavobacteriales; f__Weeksellaceae; g__Chryseobacterium; s__Chryseobacterium wanjuense
35703.AL524_00575	r__Root; d__Bacteria; p__Pseudomonadota; c__Gammaproteobacteria; o__Enterobacterales; f__Enterobacteriaceae; g__Citrobacter; s__Citrobacter amalonaticus
357240.GCA_001063355_02784	r__Root; d__Bacteria; p__Pseudomonadota; c__Gammaproteobacteria; o__Enterobacterales; f__Enterobacteriaceae; g__Franconibacter; s__Franconibacter helveticus
357804.Ping_1480	r__Root; d__Bacteria; p__Pseudomonadota; c__Gammaproteobacteria; o__Alteromonadales; f__Psychromonadaceae; g__Psychromonas; s__Psychromonas ingrahamii
358220.C380_21325	r__Root; d__Bacteria; p__Pseudomonadota; c__Betaproteobacteria; o__Burkholderiales; f__Comamonadaceae; g__Acidovorax; s__Acidovorax sp. KKS102
358823.DF19_20250	r__Root; d__Bacteria; p__Actinomycetota; c__Actinomycetes; o__Kitasatosporales; f__Streptomycetaceae; g__Streptomyces; s__Streptomyces olindensis
362413.RC62_2552	r__Root; d__Bacteria; p__Bacteroidota; c__Flavobacteriia; o__Flavobacteriales; f__Flavobacteriaceae; g__Flavobacterium; s__Flavobacterium aquidurense
364032.SAMN05443662_0779	r__Root; d__Bacteria; p__Pseudomonadota; c__Gammaproteobacteria; o__Thiotrichales; f__Piscirickettsiaceae; g__Sulfurivirga; s__Sulfurivirga caldicuralii
366533.SAMN05444339_106184	r__Root; d__Bacteria; p__Pseudomonadota; c__Alphaproteobacteria; o__Rhodobacterales; f__Roseobacteraceae; g__Loktanella; s__Loktanella atrilutea
36856.ATB98_06160	r__Root; d__Bacteria; p__Pseudomonadota; c__Alphaproteobacteria; o__Hyphomicrobiales; f__Rhizobiaceae; g__Sinorhizobium; s__Sinorhizobium saheli
1122613.GCA_000420265_00746	r__Root; d__Bacteria; p__Pseudomonadota; c__Alphaproteobacteria; o__Maricaulales; f__Maricaulaceae; g__Oceanicaulis; s__Oceanicaulis alexandrii
37372.XJ32_05580	r__Root; d__Bacteria; p__Campylobacterota; c__Epsilonproteobacteria; o__Campylobacterales; f__Helicobacteraceae; g__Helicobacter; s__Helicobacter bilis
37372.XJ32_09875	r__Root; d__Bacteria; p__Campylobacterota; c__Epsilonproteobacteria; o__Campylobacterales; f__Helicobacteraceae; g__Helicobacter; s__Helicobacter bilis
373994.Riv7116_5716	r__Root; d__Bacteria; p__Cyanobacteriota; c__Cyanophyceae; o__Nostocales; f__Rivulariaceae; g__Rivularia; s__Rivularia sp. PCC 7116
374981.AWQ21_05670	r__Root; d__Bacteria; p__Cyanobacteriota; c__Cyanophyceae; o__Chroococcales; f__Geminocystaceae; g__Picosynechococcus; s__Picosynechococcus sp. PCC 7003
375.BKD09_RS05725	r__Root; d__Bacteria; p__Pseudomonadota; c__Alphaproteobacteria; o__Hyphomicrobiales; f__Nitrobacteraceae; g__Bradyrhizobium; s__Bradyrhizobium japonicum
375175.AYR53_04175	r__Root; d__Bacteria; p__Bacillota; c__Bacilli; o__Lactobacillales; f__Lactobacillaceae; g__Loigolactobacillus; s__Loigolactobacillus backii
376.BF49_3974	r__Root; d__Bacteria; p__Pseudomonadota; c__Alphaproteobacteria; o__Hyphomicrobiales; f__Nitrobacteraceae; g__Bradyrhizobium; s__Bradyrhizobium sp.
379097.SE23_03060	r__Root; d__Bacteria; p__Pseudomonadota; c__Gammaproteobacteria; o__Vibrionales; f__Vibrionaceae; g__Vibrio; s__Vibrio sinaloensis
380703.AHA_3404	r__Root; d__Bacteria; p__Pseudomonadota; c__Gammaproteobacteria; o__Aeromonadales; f__Aeromonadaceae; g__Aeromonas; s__Aeromonas hydrophila
381.A8146_15495	r__Root; d__Bacteria; p__Pseudomonadota; c__Alphaproteobacteria; o__Hyphomicrobiales; f__Phyllobacteriaceae; g__Mesorhizobium; s__Mesorhizobium loti
1122916.GCA_000422445_02610	r__Root; d__Bacteria; p__Bacillota; c__Bacilli; o__Bacillales; f__Paenibacillaceae; g__Paenibacillus; s__Paenibacillus assamensis
381666.H16_B2403	r__Root; d__Bacteria; p__Pseudomonadota; c__Betaproteobacteria; o__Burkholderiales; f__Burkholderiaceae; g__Cupriavidus; s__Cupriavidus necator
382638.Hac_0392	r__Root; d__Bacteria; p__Campylobacterota; c__Epsilonproteobacteria; o__Campylobacterales; f__Helicobacteraceae; g__Helicobacter; s__Helicobacter acinonychis
38312.GCA_000720375_07059	r__Root; d__Bacteria; p__Actinomycetota; c__Actinomycetes; o__Mycobacteriales; f__Nocardiaceae; g__Rhodococcus; s__Rhodococcus rhodnii
386043.lwe0806	r__Root; d__Bacteria; p__Bacillota; c__Bacilli; o__Bacillales; f__Listeriaceae; g__Listeria; s__Listeria welshimeri
387092.NIS_0368	r__Root; d__Bacteria; p__Campylobacterota; c__Epsilonproteobacteria; o__Nautiliales; f__Nitratiruptoraceae; g__Nitratiruptor; s__Nitratiruptor sp. SB155-2
387093.SUN_1170	r__Root; d__Bacteria; p__Campylobacterota; c__Epsilonproteobacteria; o__Campylobacterales; f__Sulfurovaceae; g__Sulfurovum; s__Sulfurovum sp. NBC37-1
387344.LVIS_2247	r__Root; d__Bacteria; p__Bacillota; c__Bacilli; o__Lactobacillales; f__Lactobacillaceae; g__Levilactobacillus; s__Levilactobacillus brevis
388357.GCA_001580365_00425	r__Root; d__Bacteria; p__Actinomycetota; c__Actinomycetes; o__Micrococcales; f__Micrococcaceae; g__Kocuria; s__Kocuria turfanensis
388357.GCA_001580365_03645	r__Root; d__Bacteria; p__Actinomycetota; c__Actinomycetes; o__Micrococcales; f__Micrococcaceae; g__Kocuria; s__Kocuria turfanensis
388357.GCA_001580365_03797	r__Root; d__Bacteria; p__Actinomycetota; c__Actinomycetes; o__Micrococcales; f__Micrococcaceae; g__Kocuria; s__Kocuria turfanensis
1122916.GCA_000422445_02899	r__Root; d__Bacteria; p__Bacillota; c__Bacilli; o__Bacillales; f__Paenibacillaceae; g__Paenibacillus; s__Paenibacillus assamensis
390333.Ldb0475	r__Root; d__Bacteria; p__Bacillota; c__Bacilli; o__Lactobacillales; f__Lactobacillaceae; g__Lactobacillus; s__Lactobacillus delbrueckii
391592.CMTB2_01139	r__Root; d__Bacteria; p__Campylobacterota; c__Epsilonproteobacteria; o__Nautiliales; f__Nautiliaceae; g__Caminibacter; s__Caminibacter mediatlanticus
395495.Lcho_0512	r__Root; d__Bacteria; p__Pseudomonadota; c__Betaproteobacteria; o__Burkholderiales; f__Sphaerotilaceae; g__Leptothrix; s__Leptothrix cholodnii
395964.GCA_000427445_01304	r__Root; d__Bacteria; p__Pseudomonadota; c__Alphaproteobacteria; o__Hyphomicrobiales; f__Beijerinckiaceae; g__Methylocapsa; s__Methylocapsa acidiphila
395965.Msil_2853	r__Root; d__Bacteria; p__Pseudomonadota; c__Alphaproteobacteria; o__Hyphomicrobiales; f__Beijerinckiaceae; g__Methylocella; s__Methylocella silvestris
398511.BpOF4_17475	r__Root; d__Bacteria; p__Bacillota; c__Bacilli; o__Bacillales; f__Bacillaceae; g__Alkalihalophilus; s__Alkalihalophilus pseudofirmus
399736.SAMN04489720_2822	r__Root; d__Bacteria; p__Actinomycetota; c__Actinomycetes; o__Micrococcales; f__Microbacteriaceae; g__Agrococcus; s__Agrococcus jejuensis
399739.Pmen_3753	r__Root; d__Bacteria; p__Pseudomonadota; c__Gammaproteobacteria; o__Pseudomonadales; f__Pseudomonadaceae; g__Ectopseudomonas; s__Ectopseudomonas mendocina
399741.Spro_4422	r__Root; d__Bacteria; p__Pseudomonadota; c__Gammaproteobacteria; o__Enterobacterales; f__Yersiniaceae; g__Serratia; s__Serratia proteamaculans
399742.Ent638_3698	r__Root; d__Bacteria; p__Pseudomonadota; c__Gammaproteobacteria; o__Enterobacterales; f__Enterobacteriaceae; g__Enterobacter; s__Enterobacter sp. 638
1122920.GCA_000422465_03990	r__Root; d__Bacteria; p__Bacillota; c__Bacilli; o__Bacillales; f__Paenibacillaceae; g__Paenibacillus; s__Paenibacillus harenae
402596.SAMN04489844_1183	r__Root; d__Bacteria; p__Actinomycetota; c__Actinomycetes; o__Propionibacteriales; f__Nocardioidaceae; g__Nocardioides; s__Nocardioides exalbidus
402600.SAMN05216188_108245	r__Root; d__Bacteria; p__Actinomycetota; c__Actinomycetes; o__Pseudonocardiales; f__Pseudonocardiaceae; g__Lentzea; s__Lentzea xinjiangensis
405559.SAMN05421772_10663	r__Root; d__Bacteria; p__Pseudomonadota; c__Alphaproteobacteria; o__Rhodobacterales; f__Paracoccaceae; g__Paracoccus; s__Paracoccus saliphilus
40571.SAMN05660733_02529	r__Root; d__Bacteria; p__Actinomycetota; c__Actinomycetes; o__Pseudonocardiales; f__Pseudonocardiaceae; g__Lentzea; s__Lentzea albidocapillata
406020.GCA_000934765_02499	r__Root; d__Bacteria; p__Pseudomonadota; c__Gammaproteobacteria; o__Thiotrichales; f__Piscirickettsiaceae; g__Thiomicrospira; s__Thiomicrospira microaerophila
406817.XNC1_2800	r__Root; d__Bacteria; p__Pseudomonadota; c__Gammaproteobacteria; o__Enterobacterales; f__Morganellaceae; g__Xenorhabdus; s__Xenorhabdus nematophila
40754.THII_3775	r__Root; d__Bacteria; p__Pseudomonadota; c__Gammaproteobacteria; o__Thiotrichales; f__Thiotrichaceae; g__Thioploca; s__Thioploca ingrica
408180.MPLB_1680032	r__Root; d__Bacteria; p__Pseudomonadota; c__Alphaproteobacteria; o__Hyphomicrobiales; f__Phyllobacteriaceae; g__Mesorhizobium; s__Mesorhizobium sp. ORS 3324
408184.MPLA_670139	r__Root; d__Bacteria; p__Pseudomonadota; c__Alphaproteobacteria; o__Hyphomicrobiales; f__Phyllobacteriaceae; g__Mesorhizobium; s__Mesorhizobium sp. ORS 3359
413882.AAW51_2970	r__Root; d__Bacteria; p__Pseudomonadota; c__Betaproteobacteria; o__Burkholderiales; f__Sphaerotilaceae; g__Caldimonas; s__Caldimonas brevitalea
1122921.GCA_000377505_01655	r__Root; d__Bacteria; p__Bacillota; c__Bacilli; o__Bacillales; f__Paenibacillaceae; g__Paenibacillus; s__Paenibacillus massiliensis
41431.PCC8801_0975	r__Root; d__Bacteria; p__Cyanobacteriota; c__Cyanophyceae; o__Chroococcales; f__Aphanothecaceae; g__Rippkaea; s__Rippkaea orientalis
41431.PCC8801_3166	r__Root; d__Bacteria; p__Cyanobacteriota; c__Cyanophyceae; o__Chroococcales; f__Aphanothecaceae; g__Rippkaea; s__Rippkaea orientalis
414684.RC1_2781	r__Root; d__Bacteria; p__Pseudomonadota; c__Alphaproteobacteria; o__Rhodospirillales; f__Rhodospirillaceae; g__Rhodospirillum; s__Rhodospirillum centenum
41514.SARI_04248	r__Root; d__Bacteria; p__Pseudomonadota; c__Gammaproteobacteria; o__Enterobacterales; f__Enterobacteriaceae; g__Salmonella; s__Salmonella enterica
416943.SAMN05445871_6274	r__Root; d__Bacteria; p__Pseudomonadota; c__Betaproteobacteria; o__Burkholderiales; f__Burkholderiaceae; g__Paraburkholderia; s__Paraburkholderia caballeronis
418702.BJN45_12720	r__Root; d__Bacteria; p__Pseudomonadota; c__Betaproteobacteria; o__Rhodocyclales; f__Azonexaceae; g__Azonexus; s__Azonexus hydrophilus
419940.SAMN05421824_2639	r__Root; d__Bacteria; p__Bacteroidota; c__Flavobacteriia; o__Flavobacteriales; f__Flavobacteriaceae; g__Hyunsoonleella; s__Hyunsoonleella jejuensis
41997.RV16_GL000277	r__Root; d__Bacteria; p__Bacillota; c__Bacilli; o__Lactobacillales; f__Enterococcaceae; g__Enterococcus; s__Enterococcus saccharolyticus
42354.SAMN05216333_11425	r__Root; d__Bacteria; p__Pseudomonadota; c__Betaproteobacteria; o__Nitrosomonadales; f__Nitrosomonadaceae; g__Nitrosomonas; s__Nitrosomonas oligotropha
425400.LS65_03840	r__Root; d__Bacteria; p__Campylobacterota; c__Epsilonproteobacteria; o__Campylobacterales; f__Helicobacteraceae; g__Helicobacter; s__Helicobacter japonicus
102129.Lepto7375DRAFT_6277	r__Root; d__Bacteria; p__Cyanobacteriota; c__Cyanophyceae; o__Leptolyngbyales; f__Leptolyngbyaceae; g__Leptolyngbya; s__Leptolyngbya sp. PCC 7375
1122924.GCA_000422505_02378	r__Root; d__Bacteria; p__Bacillota; c__Bacilli; o__Bacillales; f__Paenibacillaceae; g__Paenibacillus; s__Paenibacillus pinihumi
426117.M446_2660	r__Root; d__Bacteria; p__Pseudomonadota; c__Alphaproteobacteria; o__Hyphomicrobiales; f__Methylobacteriaceae; g__Methylobacterium; s__Methylobacterium sp. 4-46
428992.SAMN05216272_107365	r__Root; d__Bacteria; p__Pseudomonadota; c__Gammaproteobacteria; o__Pseudomonadales; f__Pseudomonadaceae; g__Pseudomonas; s__Pseudomonas panipatensis
428993.SAMN06296058_3283	r__Root; d__Bacteria; p__Pseudomonadota; c__Gammaproteobacteria; o__Lysobacterales; f__Lysobacteraceae; g__Pseudoxanthomonas; s__Pseudoxanthomonas indica
43064.SAMN04488086_11032	r__Root; d__Bacteria; p__Bacillota; c__Bacilli; o__Lactobacillales; f__Carnobacteriaceae; g__Trichococcus; s__Trichococcus pasteurii
435897.LC55x_3190	r__Root; d__Bacteria; p__Pseudomonadota; c__Gammaproteobacteria; o__Lysobacterales; f__Lysobacteraceae; g__Lysobacter; s__Lysobacter capsici
436114.SYO3AOP1_0578	r__Root; d__Bacteria; p__Aquificota; c__Aquificia; o__Aquificales; f__Hydrogenothermaceae; g__Sulfurihydrogenibium; s__Sulfurihydrogenibium sp. YO3AOP1
437900.GCA_001940335_03233	r__Root; d__Bacteria; p__Pseudomonadota; c__Gammaproteobacteria; o__Pseudomonadales; f__Pseudomonadaceae; g__Pseudomonas; s__Pseudomonas marincola
43989.cce_4328	r__Root; d__Bacteria; p__Cyanobacteriota; c__Cyanophyceae; o__Chroococcales; f__Aphanothecaceae; g__Crocosphaera; s__Crocosphaera subtropica
43992.A1D31_04535	r__Root; d__Bacteria; p__Pseudomonadota; c__Alphaproteobacteria; o__Hyphomicrobiales; f__Nitrobacteraceae; g__Bradyrhizobium; s__Bradyrhizobium liaoningense
440079.GCA_000819765_02981	r__Root; d__Bacteria; p__Pseudomonadota; c__Gammaproteobacteria; o__Aeromonadales; f__Aeromonadaceae; g__Aeromonas; s__Aeromonas bivalvium
1123033.GCA_000382145_01677	r__Root; d__Bacteria; p__Pseudomonadota; c__Gammaproteobacteria; o__Moraxellales; f__Moraxellaceae; g__Psychrobacter; s__Psychrobacter lutiphocae
44008.GCA_001318175_00950	r__Root; d__Bacteria; p__Bacillota; c__Bacilli; o__Lactobacillales; f__Enterococcaceae; g__Enterococcus; s__Enterococcus cecorum
44009.RV01_GL000064	r__Root; d__Bacteria; p__Bacillota; c__Bacilli; o__Lactobacillales; f__Enterococcaceae; g__Enterococcus; s__Enterococcus dispar
442341.SAMN04487959_10527	r__Root; d__Bacteria; p__Pseudomonadota; c__Gammaproteobacteria; o__Oceanospirillales; f__Halomonadaceae; g__Modicisalibacter; s__Modicisalibacter xianhensis
44251.PDUR_10430	r__Root; d__Bacteria; p__Bacillota; c__Bacilli; o__Bacillales; f__Paenibacillaceae; g__Paenibacillus; s__Paenibacillus durus
44252.DJ90_4600	r__Root; d__Bacteria; p__Bacillota; c__Bacilli; o__Bacillales; f__Paenibacillaceae; g__Paenibacillus; s__Paenibacillus macerans
443598.GCA_000426265_00194	r__Root; d__Bacteria; p__Pseudomonadota; c__Alphaproteobacteria; o__Hyphomicrobiales; f__Nitrobacteraceae; g__Bradyrhizobium; s__Bradyrhizobium sp. Cp5.3
444444.BOQ54_05305	r__Root; d__Bacteria; p__Pseudomonadota; c__Alphaproteobacteria; o__Hyphomicrobiales; f__Chelatococcaceae; g__Chelatococcus; s__Chelatococcus daeguensis
44574.AAW31_08135	r__Root; d__Bacteria; p__Pseudomonadota; c__Betaproteobacteria; o__Nitrosomonadales; f__Nitrosomonadaceae; g__Nitrosomonas; s__Nitrosomonas communis
44575.SAMN05216419_10365	r__Root; d__Bacteria; p__Pseudomonadota; c__Betaproteobacteria; o__Nitrosomonadales; f__Nitrosomonadaceae; g__Nitrosomonas; s__Nitrosomonas cryotolerans
44577.ATY38_13350	r__Root; d__Bacteria; p__Pseudomonadota; c__Betaproteobacteria; o__Nitrosomonadales; f__Nitrosomonadaceae; g__Nitrosomonas; s__Nitrosomonas ureae
1123035.GCA_000378765_02152	r__Root; d__Bacteria; p__Bacteroidota; c__Flavobacteriia; o__Flavobacteriales; f__Flavobacteriaceae; g__Psychroflexus; s__Psychroflexus tropicus
446462.Amir_2138	r__Root; d__Bacteria; p__Actinomycetota; c__Actinomycetes; o__Pseudonocardiales; f__Pseudonocardiaceae; g__Actinosynnema; s__Actinosynnema mirum
44933.SAMN05660971_01563	r__Root; d__Bacteria; p__Pseudomonadota; c__Gammaproteobacteria; o__Oceanospirillales; f__Halomonadaceae; g__Halomonas; s__Halomonas cupida
449447.MAE_14310	r__Root; d__Bacteria; p__Cyanobacteriota; c__Cyanophyceae; o__Chroococcales; f__Microcystaceae; g__Microcystis; s__Microcystis aeruginosa
449659.IV66_GL000984	r__Root; d__Bacteria; p__Bacillota; c__Bacilli; o__Lactobacillales; f__Lactobacillaceae; g__Ligilactobacillus; s__Ligilactobacillus pobuzihii
454133.NIES208_02275	r__Root; d__Bacteria; p__Cyanobacteriota; c__Cyanophyceae; o__Chroococcales; f__Geminocystaceae; g__Picosynechococcus; s__[Limnothrix rosea] IAM M-220
45610.AOC03_11855	r__Root; d__Bacteria; p__Pseudomonadota; c__Gammaproteobacteria; o__Moraxellales; f__Moraxellaceae; g__Psychrobacter; s__Psychrobacter urativorans
456327.BJD11_24590	r__Root; d__Bacteria; p__Pseudomonadota; c__Gammaproteobacteria; o__Lysobacterales; f__Lysobacteraceae; g__Xanthomonas; s__Xanthomonas euvesicatoria
46256.GA0061075_10833	r__Root; d__Bacteria; p__Bacillota; c__Bacilli; o__Lactobacillales; f__Lactobacillaceae; g__Weissella; s__Weissella hellenica
47229.LO55_2135	r__Root; d__Bacteria; p__Pseudomonadota; c__Betaproteobacteria; o__Burkholderiales; f__Oxalobacteraceae; g__Massilia; s__Massilia timonae
472695.GCA_000612605_00781	r__Root; d__Bacteria; p__Pseudomonadota; c__Gammaproteobacteria; o__Enterobacterales; f__Erwiniaceae; g__Pantoea; s__Pantoea septica
1123226.GCA_000378145_03594	r__Root; d__Bacteria; p__Bacillota; c__Bacilli; o__Bacillales; f__Paenibacillaceae; g__Saccharibacillus; s__Saccharibacillus kuerlensis
472759.Nhal_2155	r__Root; d__Bacteria; p__Pseudomonadota; c__Gammaproteobacteria; o__Chromatiales; f__Chromatiaceae; g__Nitrosococcus; s__Nitrosococcus halophilus
476.B0182_05590	r__Root; d__Bacteria; p__Pseudomonadota; c__Gammaproteobacteria; o__Moraxellales; f__Moraxellaceae; g__Moraxella; s__Moraxella bovis
477.A9309_08930	r__Root; d__Bacteria; p__Pseudomonadota; c__Gammaproteobacteria; o__Moraxellales; f__Moraxellaceae; g__Moraxella; s__Moraxella lacunata
47715.AWJ15_13220	r__Root; d__Bacteria; p__Bacillota; c__Bacilli; o__Lactobacillales; f__Lactobacillaceae; g__Lacticaseibacillus; s__Lacticaseibacillus rhamnosus
47884.SAMN04490203_0292	r__Root; d__Bacteria; p__Pseudomonadota; c__Gammaproteobacteria; o__Pseudomonadales; f__Pseudomonadaceae; g__Pseudomonas; s__Pseudomonas taetrolens
47917.AV650_00620	r__Root; d__Bacteria; p__Pseudomonadota; c__Gammaproteobacteria; o__Enterobacterales; f__Yersiniaceae; g__Serratia; s__Serratia fonticola
47917.AV650_27460	r__Root; d__Bacteria; p__Pseudomonadota; c__Gammaproteobacteria; o__Enterobacterales; f__Yersiniaceae; g__Serratia; s__Serratia fonticola
481183.GCA_001642835_02675	r__Root; d__Bacteria; p__Bacteroidota; c__Flavobacteriia; o__Flavobacteriales; f__Flavobacteriaceae; g__Pseudotamlana; s__Pseudotamlana agarivorans
481719.LASUN_22790	r__Root; d__Bacteria; p__Bacillota; c__Bacilli; o__Lactobacillales; f__Lactobacillaceae; g__Lentilactobacillus; s__Lentilactobacillus sunkii
483219.LILAB_15160	r__Root; d__Bacteria; p__Myxococcota; c__Myxococcia; o__Myxococcales; f__Myxococcaceae; g__Myxococcus; s__Myxococcus fulvus
1123255.GCA_000688255_00607	r__Root; d__Bacteria; p__Pseudomonadota; c__Betaproteobacteria; o__Burkholderiales; f__Comamonadaceae; g__Simplicispira; s__Simplicispira psychrophila
483937.AMQ84_29905	r__Root; d__Bacteria; p__Bacillota; c__Bacilli; o__Bacillales; f__Paenibacillaceae; g__Paenibacillus; s__Paenibacillus riograndensis
484.TW91_1830	r__Root; d__Bacteria; p__Pseudomonadota; c__Betaproteobacteria; o__Neisseriales; f__Neisseriaceae; g__Neisseria; s__Neisseria flavescens
485447.SG35_04605	r__Root; d__Bacteria; p__Pseudomonadota; c__Gammaproteobacteria; o__Alteromonadales; f__Colwelliaceae; g__Thalassomonas; s__Thalassomonas actiniarum
48664.BER92_01785	r__Root; d__Bacteria; p__Pseudomonadota; c__Gammaproteobacteria; o__Lysobacterales; f__Lysobacteraceae; g__Xanthomonas; s__Xanthomonas fragariae
490.A6J88_11430	r__Root; d__Bacteria; p__Pseudomonadota; c__Betaproteobacteria; o__Neisseriales; f__Neisseriaceae; g__Neisseria; s__Neisseria sicca
492660.SAMN05192566_0687	r__Root; d__Bacteria; p__Pseudomonadota; c__Betaproteobacteria; o__Nitrosomonadales; f__Methylophilaceae; g__Methylophilus; s__Methylophilus rhizosphaerae
497965.Cyan7822_4185	r__Root; d__Bacteria; p__Cyanobacteriota; c__Cyanophyceae; o__Chroococcales; f__Aphanothecaceae; g__Gloeothece; s__Gloeothece verrucosa
497965.Cyan7822_4950	r__Root; d__Bacteria; p__Cyanobacteriota; c__Cyanophyceae; o__Chroococcales; f__Aphanothecaceae; g__Gloeothece; s__Gloeothece verrucosa
497965.Cyan7822_4951	r__Root; d__Bacteria; p__Cyanobacteriota; c__Cyanophyceae; o__Chroococcales; f__Aphanothecaceae; g__Gloeothece; s__Gloeothece verrucosa
500639.ENTCAN_09290	r__Root; d__Bacteria; p__Pseudomonadota; c__Gammaproteobacteria; o__Enterobacterales; f__Enterobacteriaceae; g__Enterobacter; s__Enterobacter cancerogenus
1123296.GCA_000745895_01364	r__Root; d__Bacteria; p__Pseudomonadota; c__Betaproteobacteria; o__Neisseriales; f__Neisseriaceae; g__Stenoxybacter; s__Stenoxybacter acetivorans
502025.Hoch_2989	r__Root; d__Bacteria; p__Myxococcota
504487.JCM19538_1260	r__Root; d__Bacteria; p__Bacteroidota; c__Flavobacteriia; o__Flavobacteriales; f__Flavobacteriaceae; g__Jejuia; s__Jejuia pallidilutea
504798.SAMN05421871_104152	r__Root; d__Bacteria; p__Actinomycetota; c__Actinomycetes; o__Pseudonocardiales; f__Pseudonocardiaceae; g__Actinokineospora; s__Actinokineospora alba
504805.SAMN05421505_10160	r__Root; d__Bacteria; p__Actinomycetota; c__Actinomycetes; o__Streptosporangiales; f__Streptosporangiaceae; g__Sinosporangium; s__Sinosporangium album
504805.SAMN05421505_103279	r__Root; d__Bacteria; p__Actinomycetota; c__Actinomycetes; o__Streptosporangiales; f__Streptosporangiaceae; g__Sinosporangium; s__Sinosporangium album
504805.SAMN05421505_106141	r__Root; d__Bacteria; p__Actinomycetota; c__Actinomycetes; o__Streptosporangiales; f__Streptosporangiaceae; g__Sinosporangium; s__Sinosporangium album
505249.SAMN06295997_10341	r__Root; d__Bacteria; p__Campylobacterota; c__Epsilonproteobacteria; o__Campylobacterales; f__Arcobacteraceae; g__Malaciobacter; s__Malaciobacter marinus
505317.OA57_04340	r__Root; d__Bacteria; p__Pseudomonadota; c__Gammaproteobacteria; o__Pasteurellales; f__Pasteurellaceae; g__Chelonobacter; s__Chelonobacter oris
50718.SU60_12770	r__Root; d__Bacteria; p__Pseudomonadota; c__Gammaproteobacteria; o__Vibrionales; f__Vibrionaceae; g__Vibrio; s__Vibrio mytili
50960.LS81_00955	r__Root; d__Bacteria; p__Campylobacterota; c__Epsilonproteobacteria; o__Campylobacterales; f__Helicobacteraceae; g__Helicobacter; s__Helicobacter trogontum
1123300.GCA_000423725_00635	r__Root; d__Bacteria; p__Bacillota; c__Bacilli; o__Lactobacillales; f__Streptococcaceae; g__Streptococcus; s__Streptococcus devriesei
50960.LS81_06595	r__Root; d__Bacteria; p__Campylobacterota; c__Epsilonproteobacteria; o__Campylobacterales; f__Helicobacteraceae; g__Helicobacter; s__Helicobacter trogontum
517722.GCA_000186705_00312	r__Root; d__Bacteria; p__Pseudomonadota; c__Alphaproteobacteria; o__Sphingomonadales; f__Sphingomonadaceae; g__Citromicrobium; s__Citromicrobium sp. JLT1363
519472.BHY08_08100	r__Root; d__Bacteria; p__Bacillota; c__Bacilli; o__Lactobacillales; f__Enterococcaceae; g__Vagococcus; s__Vagococcus teuberi
522306.CAP2UW1_1398	r__Root; d__Bacteria; p__Pseudomonadota; c__Betaproteobacteria
522306.CAP2UW1_1607	r__Root; d__Bacteria; p__Pseudomonadota; c__Betaproteobacteria
52271.GCA_001597855_03273	r__Root; d__Bacteria; p__Cyanobacteriota; c__Cyanophyceae; o__Nostocales; f__Nostocaceae; g__Anabaena; s__Anabaena sp. CA = ATCC 33047
52441.SAMN05216302_100863	r__Root; d__Bacteria; p__Pseudomonadota; c__Betaproteobacteria; o__Nitrosomonadales; f__Nitrosomonadaceae; g__Nitrosomonas; s__Nitrosomonas aestuarii
52441.SAMN05216302_10804	r__Root; d__Bacteria; p__Pseudomonadota; c__Betaproteobacteria; o__Nitrosomonadales; f__Nitrosomonadaceae; g__Nitrosomonas; s__Nitrosomonas aestuarii
52442.SAMN05421880_11733	r__Root; d__Bacteria; p__Pseudomonadota; c__Betaproteobacteria; o__Nitrosomonadales; f__Nitrosomonadaceae; g__Nitrosomonas; s__Nitrosomonas nitrosa
52442.SAMN05421880_11938	r__Root; d__Bacteria; p__Pseudomonadota; c__Betaproteobacteria; o__Nitrosomonadales; f__Nitrosomonadaceae; g__Nitrosomonas; s__Nitrosomonas nitrosa
1123325.GCA_000619805_00473	r__Root; d__Bacteria; p__Aquificota; c__Aquificia; o__Aquificales; f__Hydrogenothermaceae; g__Sulfurihydrogenibium; s__Sulfurihydrogenibium subterraneum
525318.HMPREF0497_1071	r__Root; d__Bacteria; p__Bacillota; c__Bacilli; o__Lactobacillales; f__Lactobacillaceae; g__Lentilactobacillus; s__Lentilactobacillus buchneri
525367.HMPREF0556_10943	r__Root; d__Bacteria; p__Bacillota; c__Bacilli; o__Bacillales; f__Listeriaceae; g__Listeria; s__Listeria grayi
529086.GCA_000428145_02111	r__Root; d__Bacteria; p__Pseudomonadota; c__Betaproteobacteria; o__Neisseriales; f__Chitinibacteraceae; g__Chitinilyticum; s__Chitinilyticum litopenaei
529086.GCA_000428145_02969	r__Root; d__Bacteria; p__Pseudomonadota; c__Betaproteobacteria; o__Neisseriales; f__Chitinibacteraceae; g__Chitinilyticum; s__Chitinilyticum litopenaei
53345.LIU_07840	r__Root; d__Bacteria; p__Bacillota; c__Bacilli; o__Lactobacillales; f__Enterococcaceae; g__Enterococcus; s__Enterococcus durans
53346.A5802_000980	r__Root; d__Bacteria; p__Bacillota; c__Bacilli; o__Lactobacillales; f__Enterococcaceae; g__Enterococcus; s__Enterococcus mundtii
53406.SAMN05421553_2938	r__Root; d__Bacteria; p__Pseudomonadota; c__Gammaproteobacteria; o__Pseudomonadales; f__Pseudomonadaceae; g__Pseudomonas; s__Pseudomonas anguilliseptica
53428.GCA_001613405_03767	r__Root; d__Bacteria; p__Actinomycetota; c__Actinomycetes; o__Mycobacteriales; f__Nocardiaceae; g__Nocardia; s__Nocardia crassostreae
53444.AYR59_03300	r__Root; d__Bacteria; p__Bacillota; c__Bacilli; o__Lactobacillales; f__Lactobacillaceae; g__Fructilactobacillus; s__Fructilactobacillus lindneri
536019.Mesop_6170	r__Root; d__Bacteria; p__Pseudomonadota; c__Alphaproteobacteria; o__Hyphomicrobiales; f__Phyllobacteriaceae; g__Mesorhizobium; s__Mesorhizobium opportunistum
1123354.GCA_000425565_00548	r__Root; d__Bacteria; p__Pseudomonadota; c__Hydrogenophilia; o__Hydrogenophilales; f__Hydrogenophilaceae; g__Tepidiphilus; s__Tepidiphilus margaritifer
539.A7P85_05970	r__Root; d__Bacteria; p__Pseudomonadota; c__Betaproteobacteria; o__Neisseriales; f__Neisseriaceae; g__Eikenella; s__Eikenella corrodens
54.SAMN02745121_02427	r__Root; d__Bacteria; p__Myxococcota
540997.ORS3428_29885	r__Root; d__Bacteria; p__Pseudomonadota; c__Alphaproteobacteria; o__Hyphomicrobiales; f__Phyllobacteriaceae; g__Mesorhizobium; s__Mesorhizobium sp. ORS 3428
543360.SAMN05216600_1388	r__Root; d__Bacteria; p__Pseudomonadota; c__Gammaproteobacteria; o__Pseudomonadales; f__Pseudomonadaceae; g__Pseudomonas; s__Pseudomonas cuatrocienegasensis
545534.GCA_000708655_01307	r__Root; d__Bacteria; p__Bacillota; c__Bacilli; o__Lactobacillales; f__Carnobacteriaceae; g__Carnobacterium; s__Carnobacterium jeotgali
546266.NEIMUCOT_04712	r__Root; d__Bacteria; p__Pseudomonadota; c__Betaproteobacteria; o__Neisseriales; f__Neisseriaceae; g__Neisseria; s__Neisseria mucosa
549.BEE12_17830	r__Root; d__Bacteria; p__Pseudomonadota; c__Gammaproteobacteria; o__Enterobacterales; f__Erwiniaceae; g__Pantoea; s__Pantoea agglomerans
551275.GCA_000378345_02650	r__Root; d__Bacteria; p__Pseudomonadota; c__Alphaproteobacteria; o__Hyphomonadales; f__Hyphomonadaceae; g__Hirschia; s__Hirschia maritima
551789.GCA_000420665_01554	r__Root; d__Bacteria; p__Pseudomonadota; c__Alphaproteobacteria; o__Hyphomonadales; f__Hyphomonadaceae; g__Ponticaulis; s__Ponticaulis koreensis
551987.SAMN05192549_11447	r__Root; d__Bacteria; p__Pseudomonadota; c__Betaproteobacteria; o__Burkholderiales; f__Oxalobacteraceae; g__Duganella; s__Duganella sacchari
1123354.GCA_000425565_01256	r__Root; d__Bacteria; p__Pseudomonadota; c__Hydrogenophilia; o__Hydrogenophilales; f__Hydrogenophilaceae; g__Tepidiphilus; s__Tepidiphilus margaritifer
55207.KP22_15795	r__Root; d__Bacteria; p__Pseudomonadota; c__Gammaproteobacteria; o__Enterobacterales; f__Pectobacteriaceae; g__Pectobacterium; s__Pectobacterium betavasculorum
553385.GCA_000591415_03416	r__Root; d__Bacteria; p__Pseudomonadota; c__Gammaproteobacteria; o__Oceanospirillales; f__Halomonadaceae; g__Cobetia; s__Cobetia crustatorum
553611.GCA_001557755_01123	r__Root; d__Bacteria; p__Pseudomonadota; c__Gammaproteobacteria; o__Vibrionales; f__Vibrionaceae; g__Photobacterium; s__Photobacterium leiognathi
55601.AA407_14460	r__Root; d__Bacteria; p__Pseudomonadota; c__Gammaproteobacteria; o__Vibrionales; f__Vibrionaceae; g__Vibrio; s__Vibrio anguillarum
556533.SAMN05216603_101289	r__Root; d__Bacteria; p__Pseudomonadota; c__Gammaproteobacteria; o__Pseudomonadales; f__Pseudomonadaceae; g__Pseudomonas; s__Pseudomonas benzenivorans
558964.BOQ57_17425	r__Root; d__Bacteria; p__Pseudomonadota; c__Gammaproteobacteria; o__Aeromonadales; f__Aeromonadaceae; g__Aeromonas; s__Aeromonas aquatica
561230.PC1_0238	r__Root; d__Bacteria; p__Pseudomonadota; c__Gammaproteobacteria; o__Enterobacterales; f__Pectobacteriaceae; g__Pectobacterium; s__Pectobacterium carotovorum
56192.UB38_14790	r__Root; d__Bacteria; p__Pseudomonadota; c__Gammaproteobacteria; o__Vibrionales; f__Vibrionaceae; g__Photobacterium; s__Photobacterium iliopiscarium
56449.XBLMG947_1091	r__Root; d__Bacteria; p__Pseudomonadota; c__Gammaproteobacteria; o__Lysobacterales; f__Lysobacteraceae; g__Xanthomonas; s__Xanthomonas bromi
568899.SAMN05192534_10970	r__Root; d__Bacteria; p__Bacillota; c__Bacilli; o__Bacillales; f__Bacillaceae; g__Alteribacillus; s__Alteribacillus persepolensis
102129.Lepto7375DRAFT_7718	r__Root; d__Bacteria; p__Cyanobacteriota; c__Cyanophyceae; o__Leptolyngbyales; f__Leptolyngbyaceae; g__Leptolyngbya; s__Leptolyngbya sp. PCC 7375
1123359.GCA_000423785_00151	r__Root; d__Bacteria; p__Bacillota; c__Bacilli; o__Lactobacillales; f__Enterococcaceae; g__Tetragenococcus; s__Tetragenococcus muriaticus
571.AB185_09645	r__Root; d__Bacteria; p__Pseudomonadota; c__Gammaproteobacteria; o__Enterobacterales; f__Enterobacteriaceae; g__Klebsiella; s__Klebsiella oxytoca
572477.Alvin_2019	r__Root; d__Bacteria; p__Pseudomonadota; c__Gammaproteobacteria; o__Chromatiales; f__Chromatiaceae; g__Allochromatium; s__Allochromatium vinosum
572480.Arnit_0361	r__Root; d__Bacteria; p__Campylobacterota; c__Epsilonproteobacteria; o__Campylobacterales; f__Arcobacteraceae; g__Arcobacter; s__Arcobacter nitrofigilis
573065.Astex_1246	r__Root; d__Bacteria; p__Pseudomonadota; c__Alphaproteobacteria; o__Caulobacterales; f__Caulobacteraceae; g__Asticcacaulis; s__Asticcacaulis excentricus
573570.F7310_04890	r__Root; d__Bacteria; p__Pseudomonadota; c__Gammaproteobacteria; o__Thiotrichales; f__Francisellaceae; g__Francisella; s__Francisella uliginis
574934.SE92_25965	r__Root; d__Bacteria; p__Pseudomonadota; c__Alphaproteobacteria; o__Hyphomicrobiales; f__Nitrobacteraceae; g__Bradyrhizobium; s__Bradyrhizobium sp. AT1
576611.AOC25_02210	r__Root; d__Bacteria; p__Pseudomonadota; c__Betaproteobacteria; o__Burkholderiales; f__Burkholderiaceae; g__Polynucleobacter; s__Polynucleobacter asymbioticus
576611.AOC25_02585	r__Root; d__Bacteria; p__Pseudomonadota; c__Betaproteobacteria; o__Burkholderiales; f__Burkholderiaceae; g__Polynucleobacter; s__Polynucleobacter asymbioticus
57732.RU94_GL000880	r__Root; d__Bacteria; p__Bacillota; c__Bacilli; o__Lactobacillales; f__Enterococcaceae; g__Enterococcus; s__Enterococcus asini
579478.TW86_02830	r__Root; d__Bacteria; p__Pseudomonadota; c__Gammaproteobacteria; o__Oceanospirillales; f__Halomonadaceae; g__Halomonas; s__Halomonas sp. S2151
1123362.SAMN05660686_01337	r__Root; d__Bacteria; p__Pseudomonadota; c__Alphaproteobacteria; o__Rhodospirillales; f__Thalassobaculaceae; g__Thalassobaculum; s__Thalassobaculum litoreum
582402.Hbal_0921	r__Root; d__Bacteria; p__Pseudomonadota; c__Alphaproteobacteria; o__Hyphomonadales; f__Hyphomonadaceae; g__Hirschia; s__Hirschia baltica
583345.Mmol_1367	r__Root; d__Bacteria; p__Pseudomonadota; c__Betaproteobacteria; o__Nitrosomonadales; f__Methylophilaceae; g__Methylotenera; s__Methylotenera mobilis
585506.HMPREF0877_0980	r__Root; d__Bacteria; p__Bacillota; c__Bacilli; o__Lactobacillales; f__Lactobacillaceae; g__Weissella; s__Weissella paramesenteroides
589385.SAMN05421504_11544	r__Root; d__Bacteria; p__Actinomycetota; c__Actinomycetes; o__Pseudonocardiales; f__Pseudonocardiaceae; g__Amycolatopsis; s__Amycolatopsis xylanica
595494.Tola_0382	r__Root; d__Bacteria; p__Pseudomonadota; c__Gammaproteobacteria; o__Aeromonadales; f__Aeromonadaceae; g__Tolumonas; s__Tolumonas auensis
59814.NS375_21995	r__Root; d__Bacteria; p__Pseudomonadota; c__Gammaproteobacteria; o__Enterobacterales; f__Erwiniaceae; g__Pantoea; s__Pantoea dispersa
604088.SAMN04488060_1697	r__Root; d__Bacteria; p__Pseudomonadota; c__Alphaproteobacteria; o__Sphingomonadales; f__Erythrobacteraceae; g__Qipengyuania; s__Qipengyuania nanhaisediminis
61595.SAMN05421644_10942	r__Root; d__Bacteria; p__Pseudomonadota; c__Gammaproteobacteria; o__Chromatiales; f__Chromatiaceae; g__Allochromatium; s__Allochromatium warmingii
61646.A8A57_19215	r__Root; d__Bacteria; p__Pseudomonadota; c__Gammaproteobacteria; o__Enterobacterales; f__Enterobacteriaceae; g__Lelliottia; s__Lelliottia amnigena
62928.azo0842	r__Root
1123367.GCA_000621305_01994	r__Root; d__Bacteria; p__Pseudomonadota; c__Betaproteobacteria; o__Rhodocyclales; f__Zoogloeaceae; g__Thauera; s__Thauera linaloolentis
631.CH53_274	r__Root; d__Bacteria; p__Pseudomonadota; c__Gammaproteobacteria; o__Enterobacterales; f__Yersiniaceae; g__Yersinia; s__Yersinia intermedia
632955.GCA_000829675_00066	r__Root; d__Bacteria; p__Pseudomonadota; c__Gammaproteobacteria; o__Moraxellales; f__Moraxellaceae; g__Acinetobacter; s__Acinetobacter rudis
633149.Bresu_0390	r__Root; d__Bacteria; p__Pseudomonadota; c__Alphaproteobacteria; o__Caulobacterales; f__Caulobacteraceae; g__Brevundimonas; s__Brevundimonas subvibrioides
633807.BW732_09925	r__Root; d__Bacteria; p__Bacillota; c__Bacilli; o__Lactobacillales; f__Enterococcaceae; g__Vagococcus; s__Vagococcus penaei
637679.GCA_001550055_00093	r__Root; d__Bacteria; p__Pseudomonadota; c__Alphaproteobacteria; o__Kordiimonadales; f__Kordiimonadaceae; g__Kordiimonas; s__Kordiimonas lacus
639030.GCA_000688615_01159	r__Root; d__Bacteria; p__Acidobacteriota; c__Terriglobia; o__Terriglobales; f__Acidobacteriaceae
640081.Dsui_0421	r__Root; d__Bacteria; p__Pseudomonadota; c__Betaproteobacteria; o__Rhodocyclales; f__Rhodocyclaceae; g__Azospira; s__Azospira oryzae
640513.Entas_3951	r__Root; d__Bacteria; p__Pseudomonadota; c__Gammaproteobacteria; o__Enterobacterales; f__Enterobacteriaceae; g__Enterobacter; s__Enterobacter asburiae
640938.TR210_1287	r__Root; d__Bacteria; p__Bacillota; c__Bacilli; o__Lactobacillales; f__Carnobacteriaceae; g__Trichococcus; s__Trichococcus ilyis
641025.SAMN05421507_10235	r__Root; d__Bacteria; p__Actinomycetota; c__Actinomycetes; o__Pseudonocardiales; f__Pseudonocardiaceae; g__Lentzea; s__Lentzea jiangxiensis
1123401.GCA_000621325_00822	r__Root; d__Bacteria; p__Pseudomonadota; c__Gammaproteobacteria; o__Thiotrichales; f__Thiotrichaceae; g__Thiothrix; s__Thiothrix lacustris
641149.HMPREF9016_00673	r__Root; d__Bacteria; p__Pseudomonadota; c__Betaproteobacteria; o__Neisseriales; f__Neisseriaceae; g__Neisseria; s__Neisseria sp. oral taxon 014
645517.A6F65_01572	r__Root; d__Bacteria; p__Pseudomonadota; c__Alphaproteobacteria; o__Sphingomonadales; f__Erythrobacteraceae; g__Paraurantiacibacter; s__Paraurantiacibacter namhicola
648794.GCA_000820045_00544	r__Root; d__Bacteria; p__Pseudomonadota; c__Gammaproteobacteria; o__Aeromonadales; f__Aeromonadaceae; g__Aeromonas; s__Aeromonas rivuli
648996.Theam_1576	r__Root; d__Bacteria; p__Aquificota; c__Aquificia; o__Desulfurobacteriales; f__Desulfurobacteriaceae; g__Thermovibrio; s__Thermovibrio ammonificans
650.GCA_000813485_03095	r__Root; d__Bacteria; p__Pseudomonadota; c__Gammaproteobacteria; o__Aeromonadales; f__Aeromonadaceae; g__Aeromonas; s__Aeromonas jandaei
652.WL1483_3492	r__Root; d__Bacteria; p__Pseudomonadota; c__Gammaproteobacteria; o__Aeromonadales; f__Aeromonadaceae; g__Aeromonas; s__Aeromonas schubertii
652103.Rpdx1_0954	r__Root; d__Bacteria; p__Pseudomonadota; c__Alphaproteobacteria; o__Hyphomicrobiales; f__Nitrobacteraceae; g__Rhodopseudomonas; s__Rhodopseudomonas palustris
65393.PCC7424_3535	r__Root; d__Bacteria; p__Cyanobacteriota; c__Cyanophyceae; o__Chroococcales; f__Aphanothecaceae; g__Gloeothece; s__Gloeothece citriformis
654.AMS64_05630	r__Root; d__Bacteria; p__Pseudomonadota; c__Gammaproteobacteria; o__Aeromonadales; f__Aeromonadaceae; g__Aeromonas; s__Aeromonas veronii
65499.SAMN04488000_1054	r__Root; d__Bacteria; p__Actinomycetota; c__Actinomycetes; o__Pseudonocardiales; f__Pseudonocardiaceae; g__Lentzea; s__Lentzea albida
1123402.SAMN02583745_02676	r__Root; d__Bacteria; p__Pseudomonadota; c__Gammaproteobacteria; o__Enterobacterales; f__Thorselliaceae; g__Thorsellia; s__Thorsellia anophelis
65700.SY86_20860	r__Root; d__Bacteria; p__Pseudomonadota; c__Gammaproteobacteria; o__Enterobacterales; f__Erwiniaceae; g__Erwinia; s__Erwinia tracheiphila
657387.BH688_04290	r__Root; d__Bacteria; p__Pseudomonadota; c__Gammaproteobacteria; o__Oceanospirillales; f__Halomonadaceae; g__Kushneria; s__Kushneria phosphatilytica
658218.SAMN05216562_0923	r__Root; d__Bacteria; p__Pseudomonadota; c__Gammaproteobacteria; o__Cellvibrionales; f__Microbulbiferaceae; g__Microbulbifer; s__Microbulbifer marinus
658445.H744_2c0072	r__Root; d__Bacteria; p__Pseudomonadota; c__Gammaproteobacteria; o__Vibrionales; f__Vibrionaceae; g__Photobacterium; s__Photobacterium gaetbulicola
659.AYY26_16860	r__Root; d__Bacteria; p__Pseudomonadota; c__Gammaproteobacteria; o__Vibrionales; f__Vibrionaceae; g__Photobacterium; s__Photobacterium phosphoreum
663.BAU10_16580	r__Root; d__Bacteria; p__Pseudomonadota; c__Gammaproteobacteria; o__Vibrionales; f__Vibrionaceae; g__Vibrio; s__Vibrio alginolyticus
663.BAU10_22340	r__Root; d__Bacteria; p__Pseudomonadota; c__Gammaproteobacteria; o__Vibrionales; f__Vibrionaceae; g__Vibrio; s__Vibrio alginolyticus
663610.GCA_000746085_01806	r__Root; d__Bacteria; p__Pseudomonadota; c__Alphaproteobacteria; o__Hyphomicrobiales; f__Beijerinckiaceae; g__Methylocapsa; s__Methylocapsa aurea
666681.M301_2108	r__Root; d__Bacteria; p__Pseudomonadota; c__Betaproteobacteria; o__Nitrosomonadales; f__Methylophilaceae; g__Methylotenera; s__Methylotenera versatilis
66692.ABC3182	r__Root; d__Bacteria; p__Bacillota; c__Bacilli; o__Bacillales; f__Bacillaceae; g__Shouchella; s__Shouchella clausii
1123487.GCA_000373965_00011	r__Root; d__Bacteria; p__Pseudomonadota; c__Betaproteobacteria; o__Rhodocyclales; f__Zoogloeaceae; g__Uliginosibacterium; s__Uliginosibacterium gangwonense
667128.HMPREF0621_0175	r__Root; d__Bacteria; p__Pseudomonadota; c__Gammaproteobacteria; o__Pasteurellales; f__Pasteurellaceae; g__Pasteurella; s__Pasteurella dagmatis
669.AL538_19110	r__Root; d__Bacteria; p__Pseudomonadota; c__Gammaproteobacteria; o__Vibrionales; f__Vibrionaceae; g__Vibrio; s__Vibrio harveyi
669.AL538_21595	r__Root; d__Bacteria; p__Pseudomonadota; c__Gammaproteobacteria; o__Vibrionales; f__Vibrionaceae; g__Vibrio; s__Vibrio harveyi
670.ACZ92_02080	r__Root; d__Bacteria; p__Pseudomonadota; c__Gammaproteobacteria; o__Vibrionales; f__Vibrionaceae; g__Vibrio; s__Vibrio parahaemolyticus
670.ACZ92_04690	r__Root; d__Bacteria; p__Pseudomonadota; c__Gammaproteobacteria; o__Vibrionales; f__Vibrionaceae; g__Vibrio; s__Vibrio parahaemolyticus
672.VV93_v1c33210	r__Root; d__Bacteria; p__Pseudomonadota; c__Gammaproteobacteria; o__Vibrionales; f__Vibrionaceae; g__Vibrio; s__Vibrio vulnificus
674.VM_20680	r__Root; d__Bacteria; p__Pseudomonadota; c__Gammaproteobacteria; o__Vibrionales; f__Vibrionaceae; g__Vibrio; s__Vibrio mimicus
676.GCA_001952955_04467	r__Root; d__Bacteria; p__Pseudomonadota; c__Gammaproteobacteria; o__Vibrionales; f__Vibrionaceae; g__Vibrio; s__Vibrio fluvialis
679897.HMU03230	r__Root; d__Bacteria; p__Campylobacterota; c__Epsilonproteobacteria; o__Campylobacterales; f__Helicobacteraceae; g__Helicobacter; s__Helicobacter mustelae
680026.AB733_17175	r__Root; d__Bacteria; p__Pseudomonadota; c__Gammaproteobacteria; o__Vibrionales; f__Vibrionaceae; g__Photobacterium; s__Photobacterium swingsii
1123487.GCA_000373965_00595	r__Root; d__Bacteria; p__Pseudomonadota; c__Betaproteobacteria; o__Rhodocyclales; f__Zoogloeaceae; g__Uliginosibacterium; s__Uliginosibacterium gangwonense
68170.GCA_000974445_03233	r__Root; d__Bacteria; p__Actinomycetota; c__Actinomycetes; o__Pseudonocardiales; f__Pseudonocardiaceae; g__Lentzea; s__Lentzea aerocolonigenes
683837.lse_0706	r__Root; d__Bacteria; p__Bacillota; c__Bacilli; o__Bacillales; f__Listeriaceae; g__Listeria; s__Listeria seeligeri
686578.GCA_000222125_03267	r__Root; d__Bacteria; p__Pseudomonadota; c__Gammaproteobacteria; o__Pseudomonadales; f__Pseudomonadaceae; g__Pseudomonas; s__Pseudomonas sp. S9
688.A6E04_18285	r__Root; d__Bacteria; p__Pseudomonadota; c__Gammaproteobacteria; o__Vibrionales; f__Vibrionaceae; g__Aliivibrio; s__Aliivibrio logei
688067.GCA_001570545_07044	r__Root; d__Bacteria; p__Actinomycetota; c__Actinomycetes; o__Streptosporangiales; f__Streptosporangiaceae; g__Herbidospora; s__Herbidospora mongoliensis
688867.SAMN05660236_5803	r__Root; d__Bacteria; p__Bacteroidota; c__Cytophagia; o__Cytophagales; f__Fulvivirgaceae; g__Ohtaekwangia; s__Ohtaekwangia koreensis
689.VME0621_00916	r__Root; d__Bacteria; p__Pseudomonadota; c__Gammaproteobacteria; o__Vibrionales; f__Vibrionaceae; g__Vibrio; s__Vibrio mediterranei
69.GLE_1975	r__Root; d__Bacteria; p__Pseudomonadota; c__Gammaproteobacteria; o__Lysobacterales; f__Lysobacteraceae; g__Lysobacter; s__Lysobacter enzymogenes
691.BA893_24865	r__Root; d__Bacteria; p__Pseudomonadota; c__Gammaproteobacteria; o__Vibrionales; f__Vibrionaceae; g__Vibrio; s__Vibrio natriegens
69373.GCA_002025645_02097	r__Root; d__Bacteria; p__Actinomycetota; c__Actinomycetes; o__Micrococcales; f__Microbacteriaceae; g__Curtobacterium; s__Curtobacterium pusillum
1123491.SAMN02745782_00101	r__Root; d__Bacteria; p__Pseudomonadota; c__Gammaproteobacteria; o__Vibrionales; f__Vibrionaceae; g__Vibrio; s__Vibrio cincinnatiensis
69974.MPLDJ20_20048	r__Root; d__Bacteria; p__Pseudomonadota; c__Alphaproteobacteria; o__Hyphomicrobiales; f__Phyllobacteriaceae; g__Mesorhizobium; s__Mesorhizobium plurifarium
701521.PECL_177	r__Root; d__Bacteria; p__Bacillota; c__Bacilli; o__Lactobacillales; f__Lactobacillaceae; g__Pediococcus; s__Pediococcus claussenii
702457.NT05LM_1013	r__Root; d__Bacteria; p__Bacillota; c__Bacilli; o__Bacillales; f__Listeriaceae; g__Listeria; s__Listeria marthii
702967.BJP05_05705	r__Root; d__Bacteria; p__Actinomycetota; c__Actinomycetes; o__Mycobacteriales; f__Corynebacteriaceae; g__Corynebacterium; s__Corynebacterium sp. NML98-0116
703222.gene_203537742	r__Root; d__Bacteria; p__Actinomycetota; c__Actinomycetes; o__Pseudonocardiales; f__Pseudonocardiaceae; g__Kibdelosporangium; s__Kibdelosporangium sp. MJ126-NF4
70346.F897_01413	r__Root; d__Bacteria; p__Pseudomonadota; c__Gammaproteobacteria; o__Moraxellales; f__Moraxellaceae; g__Acinetobacter; s__Acinetobacter variabilis
708132.GCA_001748245_05295	r__Root; d__Bacteria; p__Bdellovibrionota; c__Oligoflexia; o__Oligoflexales; f__Oligoflexaceae; g__Oligoflexus; s__Oligoflexus tunisiensis
709323.GCA_001047135_01234	r__Root; d__Bacteria; p__Bacillota; c__Bacilli; o__Lactobacillales; f__Lactobacillaceae; g__Fructobacillus; s__Fructobacillus tropaeoli
709839.TSA66_15040	r__Root; d__Bacteria; p__Pseudomonadota; c__Betaproteobacteria; o__Burkholderiales; f__Oxalobacteraceae; g__Noviherbaspirillum; s__Noviherbaspirillum autotrophicum
71451.RV07_GL001685	r__Root; d__Bacteria; p__Bacillota; c__Bacilli; o__Lactobacillales; f__Enterococcaceae; g__Enterococcus; s__Enterococcus malodoratus
1123494.GCA_000711795_01149	r__Root; d__Bacteria; p__Pseudomonadota; c__Gammaproteobacteria; o__Vibrionales; f__Vibrionaceae; g__Vibrio; s__Vibrio pacinii
71452.RV13_GL001498	r__Root; d__Bacteria; p__Bacillota; c__Bacilli; o__Lactobacillales; f__Enterococcaceae; g__Enterococcus; s__Enterococcus raffinosus
715226.ABI_33470	r__Root; d__Bacteria; p__Pseudomonadota; c__Alphaproteobacteria; o__Caulobacterales; f__Caulobacteraceae; g__Asticcacaulis; s__Asticcacaulis biprosthecium
716541.ECL_00082	r__Root; d__Bacteria; p__Pseudomonadota; c__Gammaproteobacteria; o__Enterobacterales; f__Enterobacteriaceae; g__Enterobacter; s__Enterobacter cloacae
71657.SAMN02982996_02016	r__Root; d__Bacteria; p__Pseudomonadota; c__Gammaproteobacteria; o__Enterobacterales; f__Pectobacteriaceae; g__Lonsdalea; s__Lonsdalea quercina
716928.GCA_000261485_02384	r__Root; d__Bacteria; p__Pseudomonadota; c__Alphaproteobacteria; o__Hyphomicrobiales; f__Rhizobiaceae; g__Sinorhizobium; s__Sinorhizobium sojae
717772.THIAE_07790	r__Root; d__Bacteria; p__Pseudomonadota; c__Gammaproteobacteria; o__Thiotrichales; f__Piscirickettsiaceae; g__Thiomicrospira; s__Thiomicrospira aerophila
745277.Rahaq2_4128	r__Root; d__Bacteria; p__Pseudomonadota; c__Gammaproteobacteria; o__Enterobacterales; f__Yersiniaceae; g__Rahnella; s__Rahnella aquatilis
748247.AZKH_3804	r__Root; d__Bacteria; p__Pseudomonadota; c__Betaproteobacteria; o__Rhodocyclales; f__Zoogloeaceae; g__Azoarcus; s__Azoarcus sp. KH32C
748247.AZKH_4170	r__Root; d__Bacteria; p__Pseudomonadota; c__Betaproteobacteria; o__Rhodocyclales; f__Zoogloeaceae; g__Azoarcus; s__Azoarcus sp. KH32C
748650.SAMN03092900_1567	r__Root; d__Bacteria; p__Pseudomonadota; c__Gammaproteobacteria; o__Thiotrichales; f__Piscirickettsiaceae; g__Thiomicrospira; s__Thiomicrospira sp. ALE5
1123497.GCA_000711805_01153	r__Root; d__Bacteria; p__Pseudomonadota; c__Gammaproteobacteria; o__Vibrionales; f__Vibrionaceae; g__Vibrio; s__Vibrio rhizosphaerae
754035.Mesau_05640	r__Root; d__Bacteria; p__Pseudomonadota; c__Alphaproteobacteria; o__Hyphomicrobiales; f__Phyllobacteriaceae; g__Mesorhizobium; s__Mesorhizobium australicum
754436.JCM19237_3346	r__Root; d__Bacteria; p__Pseudomonadota; c__Gammaproteobacteria; o__Vibrionales; f__Vibrionaceae; g__Photobacterium; s__Photobacterium aphoticum
754436.JCM19237_3347	r__Root; d__Bacteria; p__Pseudomonadota; c__Gammaproteobacteria; o__Vibrionales; f__Vibrionaceae; g__Photobacterium; s__Photobacterium aphoticum
75658.GCA_002139385_01377	r__Root; d__Bacteria; p__Campylobacterota; c__Epsilonproteobacteria; o__Campylobacterales; f__Campylobacteraceae; g__Campylobacter; s__Campylobacter lanienae
756892.GCA_001922645_00153	r__Root; d__Bacteria; p__Pseudomonadota; c__Gammaproteobacteria; o__Moraxellales; f__Moraxellaceae; g__Acinetobacter; s__Acinetobacter indicus
758825.SAMN02982985_00361	r__Root; d__Bacteria; p__Pseudomonadota; c__Betaproteobacteria; o__Burkholderiales; f__Oxalobacteraceae; g__Rugamonas; s__Rugamonas rubra
758825.SAMN02982985_04231	r__Root; d__Bacteria; p__Pseudomonadota; c__Betaproteobacteria; o__Burkholderiales; f__Oxalobacteraceae; g__Rugamonas; s__Rugamonas rubra
759620.WS105_0279	r__Root; d__Bacteria; p__Bacillota; c__Bacilli; o__Lactobacillales; f__Lactobacillaceae; g__Weissella; s__Weissella ceti
762051.LKI_06310	r__Root; d__Bacteria; p__Bacillota; c__Bacilli; o__Lactobacillales; f__Lactobacillaceae; g__Leuconostoc; s__Leuconostoc kimchii
762845.BCR26_06645	r__Root; d__Bacteria; p__Bacillota; c__Bacilli; o__Lactobacillales; f__Enterococcaceae; g__Enterococcus; s__Enterococcus rivorum
1029756.W911_14960	r__Root; d__Bacteria; p__Pseudomonadota; c__Alphaproteobacteria; o__Hyphomicrobiales; f__Hyphomicrobiaceae; g__Hyphomicrobium; s__Hyphomicrobium nitrativorans
1123498.VR7878_01175	r__Root; d__Bacteria; p__Pseudomonadota; c__Gammaproteobacteria; o__Vibrionales; f__Vibrionaceae; g__Vibrio; s__Vibrio ruber
762845.BCR26_13735	r__Root; d__Bacteria; p__Bacillota; c__Bacilli; o__Lactobacillales; f__Enterococcaceae; g__Enterococcus; s__Enterococcus rivorum
765698.Mesci_5588	r__Root; d__Bacteria; p__Pseudomonadota; c__Alphaproteobacteria; o__Hyphomicrobiales; f__Phyllobacteriaceae; g__Mesorhizobium; s__Mesorhizobium ciceri
765909.GCA_000379525_00121	r__Root; d__Bacteria; p__Pseudomonadota; c__Gammaproteobacteria; o__Chromatiales; f__Chromatiaceae; g__Lamprocystis; s__Lamprocystis purpurea
765910.MARPU_02270	r__Root; d__Bacteria; p__Pseudomonadota; c__Gammaproteobacteria; o__Chromatiales; f__Chromatiaceae; g__Marichromatium; s__Marichromatium purpuratum
765911.Thivi_1754	r__Root; d__Bacteria; p__Pseudomonadota; c__Gammaproteobacteria; o__Chromatiales; f__Chromatiaceae; g__Thiocystis; s__Thiocystis violascens
765911.Thivi_4491	r__Root; d__Bacteria; p__Pseudomonadota; c__Gammaproteobacteria; o__Chromatiales; f__Chromatiaceae; g__Thiocystis; s__Thiocystis violascens
765912.Thimo_0919	r__Root; d__Bacteria; p__Pseudomonadota; c__Gammaproteobacteria; o__Chromatiales; f__Chromatiaceae; g__Thioflavicoccus; s__Thioflavicoccus mobilis
765913.ThidrDRAFT_2074	r__Root; d__Bacteria; p__Pseudomonadota; c__Gammaproteobacteria; o__Chromatiales; f__Chromatiaceae; g__Thiorhodococcus; s__Thiorhodococcus drewsii
765913.ThidrDRAFT_2604	r__Root; d__Bacteria; p__Pseudomonadota; c__Gammaproteobacteria; o__Chromatiales; f__Chromatiaceae; g__Thiorhodococcus; s__Thiorhodococcus drewsii
765913.ThidrDRAFT_2938	r__Root; d__Bacteria; p__Pseudomonadota; c__Gammaproteobacteria; o__Chromatiales; f__Chromatiaceae; g__Thiorhodococcus; s__Thiorhodococcus drewsii
1123499.GCA_000382305_01881	r__Root; d__Bacteria; p__Pseudomonadota; c__Betaproteobacteria; o__Neisseriales; f__Neisseriaceae; g__Vitreoscilla; s__Vitreoscilla stercoraria
76636.GCA_000718085_01466	r__Root; d__Bacteria; p__Actinomycetota; c__Actinomycetes; o__Micrococcales; f__Microbacteriaceae; g__Mycetocola; s__Mycetocola saprophilus
76731.RD2015_1213	r__Root; d__Bacteria; p__Pseudomonadota; c__Betaproteobacteria; o__Burkholderiales; f__Sphaerotilaceae; g__Roseateles; s__Roseateles depolymerans
768671.ThimaDRAFT_2350	r__Root; d__Bacteria; p__Pseudomonadota; c__Gammaproteobacteria; o__Chromatiales; f__Chromatiaceae; g__Thiocapsa; s__Thiocapsa marina
768671.ThimaDRAFT_3627	r__Root; d__Bacteria; p__Pseudomonadota; c__Gammaproteobacteria; o__Chromatiales; f__Chromatiaceae; g__Thiocapsa; s__Thiocapsa marina
768671.ThimaDRAFT_4894	r__Root; d__Bacteria; p__Pseudomonadota; c__Gammaproteobacteria; o__Chromatiales; f__Chromatiaceae; g__Thiocapsa; s__Thiocapsa marina
76935.GCA_002019735_02358	r__Root; d__Bacteria; p__Bacillota; c__Bacilli; o__Bacillales; f__Bacillaceae; g__Salipaludibacillus; s__Salipaludibacillus agaradhaerens
76936.BN2458_PEG0477	r__Root; d__Bacteria; p__Campylobacterota; c__Epsilonproteobacteria; o__Campylobacterales; f__Helicobacteraceae; g__Helicobacter; s__Helicobacter typhlonius
78245.Xaut_2228	r__Root; d__Bacteria; p__Pseudomonadota; c__Alphaproteobacteria; o__Hyphomicrobiales; f__Xanthobacteraceae; g__Xanthobacter; s__Xanthobacter autotrophicus
795830.UZ01_02879	r__Root; d__Bacteria; p__Planctomycetota; c__Candidatus Brocadiia; o__Candidatus Brocadiales; f__Candidatus Brocadiaceae; g__Candidatus Brocadia; s__Candidatus Brocadia sinica
797473.HMPREF9080_02958	r__Root; d__Bacteria; p__Pseudomonadota; c__Gammaproteobacteria; o__Cardiobacteriales; f__Cardiobacteriaceae; g__Cardiobacterium; s__Cardiobacterium valvarum
1123500.GCA_000420365_00966	r__Root; d__Bacteria; p__Bacillota; c__Bacilli; o__Lactobacillales; f__Lactobacillaceae; g__Weissella; s__Weissella halotolerans
797515.HMPREF9103_00034	r__Root; d__Bacteria; p__Bacillota; c__Bacilli; o__Lactobacillales; f__Lactobacillaceae; g__Lentilactobacillus; s__Lentilactobacillus parafarraginis
797516.HMPREF9104_00239	r__Root; d__Bacteria; p__Bacillota; c__Bacilli; o__Lactobacillales; f__Lactobacillaceae; g__Lentilactobacillus; s__Lentilactobacillus kisonensis
80852.AWOD_I_1775	r__Root; d__Bacteria; p__Pseudomonadota; c__Gammaproteobacteria; o__Vibrionales; f__Vibrionaceae; g__Aliivibrio; s__Aliivibrio wodanis
80876.SAMN05421779_10714	r__Root; d__Bacteria; p__Pseudomonadota; c__Alphaproteobacteria; o__Rhodospirillales; f__Novispirillaceae; g__Insolitispirillum; s__Insolitispirillum peregrinum
81479.RA876_03370	r__Root; d__Bacteria; p__Pseudomonadota; c__Betaproteobacteria; o__Burkholderiales; f__Comamonadaceae; g__Rhodoferax; s__Rhodoferax antarcticus
82801.SAMN04488506_0987	r__Root; d__Bacteria; p__Bacillota; c__Bacilli; o__Lactobacillales; f__Carnobacteriaceae; g__Desemzia; s__Desemzia incerta
82803.SAMN04488048_10964	r__Root; d__Bacteria; p__Bacillota; c__Bacilli; o__Lactobacillales; f__Carnobacteriaceae; g__Trichococcus; s__Trichococcus flocculiformis
82996.ADP72_13440	r__Root; d__Bacteria; p__Pseudomonadota; c__Gammaproteobacteria; o__Enterobacterales; f__Yersiniaceae; g__Serratia; s__Serratia plymuthica
83401.SAMN05421742_104268	r__Root; d__Bacteria; p__Pseudomonadota; c__Alphaproteobacteria; o__Rhodospirillales; f__Rhodospirillaceae; g__Roseospirillum; s__Roseospirillum parvum
83655.APT61_02350	r__Root; d__Bacteria; p__Pseudomonadota; c__Gammaproteobacteria; o__Enterobacterales; f__Enterobacteriaceae; g__Leclercia; s__Leclercia adecarboxylata
1123503.GCA_000382325_00184	r__Root; d__Bacteria; p__Pseudomonadota; c__Alphaproteobacteria; o__Maricaulales; f__Maricaulaceae; g__Woodsholea; s__Woodsholea maritima
83765.SAMN05660284_00894	r__Root; d__Bacteria; p__Pseudomonadota; c__Betaproteobacteria; o__Neisseriales; f__Chitinibacteraceae; g__Formivibrio; s__Formivibrio citricus
83767.SAMN05660652_00235	r__Root; d__Bacteria; p__Pseudomonadota; c__Betaproteobacteria; o__Rhodocyclales; f__Rhodocyclaceae; g__Propionivibrio; s__Propionivibrio dicarboxylicus
83767.SAMN05660652_02375	r__Root; d__Bacteria; p__Pseudomonadota; c__Betaproteobacteria; o__Rhodocyclales; f__Rhodocyclaceae; g__Propionivibrio; s__Propionivibrio dicarboxylicus
84531.LA76x_3178	r__Root; d__Bacteria; p__Pseudomonadota; c__Gammaproteobacteria; o__Lysobacterales; f__Lysobacteraceae; g__Lysobacter; s__Lysobacter antibioticus
84724.SAMN04488564_12050	r__Root; d__Bacteria; p__Actinomycetota; c__Actinomycetes; o__Pseudonocardiales; f__Pseudonocardiaceae; g__Lentzea; s__Lentzea waywayandensis
85581.CAY62_00715	r__Root; d__Bacteria; p__Pseudomonadota; c__Gammaproteobacteria; o__Vibrionales; f__Vibrionaceae; g__Photobacterium; s__Photobacterium damselae
85643.Tmz1t_3462	r__Root
857265.WG78_01480	r__Root; d__Bacteria; p__Pseudomonadota; c__Betaproteobacteria; o__Neisseriales; f__Chitinibacteraceae; g__Amantichitinum; s__Amantichitinum ursilacus
85962.HP_1186	r__Root; d__Bacteria; p__Campylobacterota; c__Epsilonproteobacteria; o__Campylobacterales; f__Helicobacteraceae; g__Helicobacter; s__Helicobacter pylori
860235.AOZ06_35640	r__Root; d__Bacteria; p__Actinomycetota; c__Actinomycetes; o__Pseudonocardiales; f__Pseudonocardiaceae; g__Kibdelosporangium; s__Kibdelosporangium phytohabitans
1123510.GCA_000620025_00220	r__Root; d__Bacteria; p__Pseudomonadota; c__Gammaproteobacteria; o__Oceanospirillales; f__Halomonadaceae; g__Zymobacter; s__Zymobacter palmae
861298.SAMN04488136_109140	r__Root; d__Bacteria; p__Pseudomonadota; c__Gammaproteobacteria; o__Vibrionales; f__Vibrionaceae; g__Vibrio; s__Vibrio xiamenensis
864051.BurJ1DRAFT_4843	r__Root; d__Bacteria; p__Pseudomonadota; c__Betaproteobacteria; o__Burkholderiales
870187.Thini_0271	r__Root; d__Bacteria; p__Pseudomonadota; c__Gammaproteobacteria; o__Thiotrichales; f__Thiotrichaceae; g__Thiothrix; s__Thiothrix nivea
870187.Thini_3111	r__Root; d__Bacteria; p__Pseudomonadota; c__Gammaproteobacteria; o__Thiotrichales; f__Thiotrichaceae; g__Thiothrix; s__Thiothrix nivea
875932.AS132_07625	r__Root; d__Bacteria; p__Pseudomonadota; c__Gammaproteobacteria; o__Vibrionales; f__Vibrionaceae; g__Photobacterium; s__Photobacterium sanguinicancri
876269.GCA_000385335_00743	r__Root; d__Bacteria; p__Pseudomonadota; c__Alphaproteobacteria; o__Hyphomicrobiales; f__Beijerinckiaceae; g__Methyloferula; s__Methyloferula stellata
880073.Cabys_1044	r__Root; d__Bacteria; p__Calditrichota; c__Calditrichia; o__Calditrichales; f__Calditrichaceae; g__Caldithrix; s__Caldithrix abyssi
886293.Sinac_0012	r__Root; d__Bacteria; p__Planctomycetota; c__Planctomycetia; o__Isosphaerales; f__Isosphaeraceae; g__Singulisphaera; s__Singulisphaera acidiphila
887062.HGR_10390	r__Root; d__Bacteria; p__Pseudomonadota; c__Betaproteobacteria; o__Burkholderiales; f__Comamonadaceae; g__Hylemonella; s__Hylemonella gracilis
887898.HMPREF0551_0310	r__Root; d__Bacteria; p__Pseudomonadota; c__Betaproteobacteria; o__Burkholderiales; f__Burkholderiaceae; g__Lautropia; s__Lautropia mirabilis
1123514.GCA_000381085_00186	r__Root; d__Bacteria; p__Pseudomonadota; c__Gammaproteobacteria; o__Thiotrichales; f__Piscirickettsiaceae; g__Thiomicrorhabdus; s__Thiomicrorhabdus arctica
887898.HMPREF0551_0311	r__Root; d__Bacteria; p__Pseudomonadota; c__Betaproteobacteria; o__Burkholderiales; f__Burkholderiaceae; g__Lautropia; s__Lautropia mirabilis
888064.HMPREF9088_1269	r__Root; d__Bacteria; p__Bacillota; c__Bacilli; o__Lactobacillales; f__Enterococcaceae; g__Enterococcus; s__Enterococcus italicus
888741.HMPREF9098_1312	r__Root; d__Bacteria; p__Pseudomonadota; c__Betaproteobacteria; o__Neisseriales; f__Neisseriaceae; g__Kingella; s__Kingella denitrificans
89059.LAC1533_0477	r__Root; d__Bacteria; p__Bacillota; c__Bacilli; o__Lactobacillales; f__Lactobacillaceae; g__Ligilactobacillus; s__Ligilactobacillus acidipiscis
903510.vfu_B00597	r__Root; d__Bacteria; p__Pseudomonadota; c__Gammaproteobacteria; o__Vibrionales; f__Vibrionaceae; g__Vibrio; s__Vibrio furnissii
903510.vfu_B01334	r__Root; d__Bacteria; p__Pseudomonadota; c__Gammaproteobacteria; o__Vibrionales; f__Vibrionaceae; g__Vibrio; s__Vibrio furnissii
903983.BCR23_00130	r__Root; d__Bacteria; p__Bacillota; c__Bacilli; o__Lactobacillales; f__Enterococcaceae; g__Enterococcus; s__Enterococcus quebecensis
903983.BCR23_11350	r__Root; d__Bacteria; p__Bacillota; c__Bacilli; o__Lactobacillales; f__Enterococcaceae; g__Enterococcus; s__Enterococcus quebecensis
903984.BCR21_00845	r__Root; d__Bacteria; p__Bacillota; c__Bacilli; o__Lactobacillales; f__Enterococcaceae; g__Enterococcus; s__Enterococcus ureasiticus
903984.BCR21_01925	r__Root; d__Bacteria; p__Bacillota; c__Bacilli; o__Lactobacillales; f__Enterococcaceae; g__Enterococcus; s__Enterococcus ureasiticus
1123515.GCA_000483485_01670	r__Root; d__Bacteria; p__Pseudomonadota; c__Gammaproteobacteria; o__Thiotrichales; f__Piscirickettsiaceae; g__Thiomicrorhabdus; s__Thiomicrorhabdus chilensis
907931.GCA_000165675_01774	r__Root; d__Bacteria; p__Bacillota; c__Bacilli; o__Lactobacillales; f__Lactobacillaceae; g__Leuconostoc; s__Leuconostoc fallax
907931.GCA_000165675_01775	r__Root; d__Bacteria; p__Bacillota; c__Bacilli; o__Lactobacillales; f__Lactobacillaceae; g__Leuconostoc; s__Leuconostoc fallax
90813.GCA_000744875_00568	r__Root; d__Bacteria; p__Pseudomonadota; c__Gammaproteobacteria; o__Thiotrichales; f__Piscirickettsiaceae; g__Hydrogenovibrio; s__Hydrogenovibrio sp. Milos-T1
90814.GCA_000702325_01485	r__Root; d__Bacteria; p__Pseudomonadota; c__Gammaproteobacteria; o__Thiotrichales; f__Piscirickettsiaceae; g__Thiomicrorhabdus; s__Thiomicrorhabdus sp. Milos-T2
909613.UO65_0394	r__Root; d__Bacteria; p__Actinomycetota; c__Actinomycetes; o__Pseudonocardiales; f__Pseudonocardiaceae; g__Actinokineospora; s__Actinokineospora spheciospongiae
915059.NH26_02745	r__Root; d__Bacteria; p__Bacteroidota; c__Cytophagia; o__Cytophagales; f__Flammeovirgaceae; g__Flammeovirga; s__Flammeovirga pacifica
917.SAMN05216326_104117	r__Root; d__Bacteria; p__Pseudomonadota; c__Betaproteobacteria; o__Nitrosomonadales; f__Nitrosomonadaceae; g__Nitrosomonas; s__Nitrosomonas marina
926564.GCA_000515355_02726	r__Root; d__Bacteria; p__Actinomycetota; c__Actinomycetes; o__Micrococcales; f__Promicromonosporaceae; g__Promicromonospora; s__Promicromonospora kroppenstedtii
92947.BVG79_02111	r__Root; d__Bacteria; p__Pseudomonadota; c__Alphaproteobacteria; o__Rhodobacterales; f__Roseobacteraceae; g__Ketogulonicigenium; s__Ketogulonicigenium robustum
929558.SMGD1_2470	r__Root; d__Bacteria; p__Campylobacterota; c__Epsilonproteobacteria; o__Campylobacterales; f__Sulfurimonadaceae; g__Sulfurimonas; s__Sulfurimonas gotlandica
1123516.GCA_000384235_00033	r__Root; d__Bacteria; p__Pseudomonadota; c__Gammaproteobacteria; o__Thiotrichales; f__Piscirickettsiaceae; g__Hydrogenovibrio; s__Hydrogenovibrio halophilus
930129.SAMN05216352_103174	r__Root; d__Bacteria; p__Bacillota; c__Bacilli; o__Bacillales; f__Bacillaceae; g__Alteribacillus; s__Alteribacillus bidgolensis
930146.SAMN05192533_101490	r__Root; d__Bacteria; p__Bacillota; c__Bacilli; o__Bacillales; f__Bacillaceae; g__Mesobacillus; s__Mesobacillus persicus
93378.A9798_11405	r__Root; d__Bacteria; p__Pseudomonadota; c__Gammaproteobacteria; o__Enterobacterales; f__Hafniaceae; g__Edwardsiella; s__Edwardsiella hoshinae
935293.PL78_18360	r__Root; d__Bacteria; p__Pseudomonadota; c__Gammaproteobacteria; o__Enterobacterales; f__Yersiniaceae; g__Yersinia; s__Yersinia entomophaga
935836.GCA_000518885_00130	r__Root; d__Bacteria; p__Bacillota; c__Bacilli; o__Bacillales; f__Bacillaceae; g__Bacillus; s__Bacillus sp. J33
935840.GCA_000518985_01593	r__Root; d__Bacteria; p__Pseudomonadota; c__Alphaproteobacteria; o__Hyphomicrobiales; f__Phyllobacteriaceae; g__Chelativorans; s__Chelativorans sp. J32
936155.HFELIS_06160	r__Root; d__Bacteria; p__Campylobacterota; c__Epsilonproteobacteria; o__Campylobacterales; f__Helicobacteraceae; g__Helicobacter; s__Helicobacter felis
942150.IV64_GL000949	r__Root; d__Bacteria; p__Bacillota; c__Bacilli; o__Lactobacillales; f__Lactobacillaceae; g__Lactiplantibacillus; s__Lactiplantibacillus xiangfangensis
945021.TEH_13900	r__Root; d__Bacteria; p__Bacillota; c__Bacilli; o__Lactobacillales; f__Enterococcaceae; g__Tetragenococcus; s__Tetragenococcus halophilus
946333.A4W93_06015	r__Root; d__Bacteria; p__Pseudomonadota; c__Betaproteobacteria; o__Burkholderiales; f__Sphaerotilaceae; g__Piscinibacter; s__Piscinibacter gummiphilus
1123517.GCA_000711195_01498	r__Root; d__Bacteria; p__Pseudomonadota; c__Gammaproteobacteria; o__Thiotrichales; f__Piscirickettsiaceae; g__Thiomicrospira; s__Thiomicrospira pelophila
946483.Cenrod_2571	r__Root; d__Bacteria; p__Pseudomonadota; c__Betaproteobacteria; o__Burkholderiales; f__Comamonadaceae; g__Candidatus Symbiobacter; s__Candidatus Symbiobacter mobilis
983548.Krodi_1723	r__Root; d__Bacteria; p__Bacteroidota; c__Flavobacteriia; o__Flavobacteriales; f__Flavobacteriaceae; g__Dokdonia; s__Dokdonia sp. 4H-3-7-5
983917.RGE_09430	r__Root; d__Bacteria; p__Pseudomonadota; c__Betaproteobacteria; o__Burkholderiales; f__Sphaerotilaceae; g__Rubrivivax; s__Rubrivivax gelatinosus
984262.SGRA_2406	r__Root; d__Bacteria; p__Bacteroidota; c__Saprospiria; o__Saprospirales; f__Saprospiraceae; g__Saprospira; s__Saprospira grandis
985665.HPL003_09025	r__Root; d__Bacteria; p__Bacillota; c__Bacilli; o__Bacillales; f__Paenibacillaceae; g__Paenibacillus; s__Paenibacillus terrae
987059.GCA_000420125_01799	r__Root; d__Bacteria; p__Pseudomonadota; c__Betaproteobacteria; o__Burkholderiales; f__Sphaerotilaceae; g__Rubrivivax; s__Rubrivivax benzoatilyticus
988801.SAMN05216522_10145	r__Root; d__Bacteria; p__Pseudomonadota; c__Gammaproteobacteria; o__Enterobacterales; f__Erwiniaceae; g__Rosenbergiella; s__Rosenbergiella nectarea
989370.AOQ71_06655	r__Root; d__Bacteria; p__Pseudomonadota; c__Alphaproteobacteria; o__Hyphomicrobiales; f__Nitrobacteraceae; g__Bradyrhizobium; s__Bradyrhizobium manausense
990268.JCM19235_6086	r__Root; d__Bacteria; p__Pseudomonadota; c__Gammaproteobacteria; o__Vibrionales; f__Vibrionaceae; g__Vibrio; s__Vibrio maritimus
997296.PB1_05792	r__Root; d__Bacteria; p__Bacillota; c__Bacilli; o__Bacillales; f__Bacillaceae; g__Bacillus; s__Bacillus methanolicus
1123518.GCA_000478585_02253	r__Root; d__Bacteria; p__Pseudomonadota; c__Gammaproteobacteria; o__Thiotrichales; f__Piscirickettsiaceae; g__Thiomicrorhabdus; s__Thiomicrorhabdus sp. Kp2
999386.GCA_000204195_01774	r__Root; d__Bacteria; p__Pseudomonadota; c__Betaproteobacteria; o__Burkholderiales; f__Comamonadaceae; g__Acidovorax; s__Acidovorax radicis
999628.GCA_000378945_00214	r__Root; d__Bacteria; p__Pseudomonadota; c__Betaproteobacteria; o__Nitrosomonadales; f__Sterolibacteriaceae; g__Methyloversatilis; s__Methyloversatilis universalis
999894.TDIS_0120	r__Root; d__Bacteria; p__Thermodesulfobacteriota; c__Thermodesulfobacteria; o__Thermodesulfobacteriales; f__Thermodesulfobacteriaceae; g__Thermosulfurimonas; s__Thermosulfurimonas dismutans
1035188.HMPREF9952_1920	r__Root; d__Bacteria; p__Pseudomonadota; c__Gammaproteobacteria; o__Pasteurellales; f__Pasteurellaceae; g__Haemophilus; s__Haemophilus pittmaniae
1124780.GCA_000346615_01211	r__Root; d__Bacteria; p__Bacteroidota; c__Cytophagia; o__Cytophagales; f__Cesiribacteraceae; g__Nafulsella; s__Nafulsella turpanensis
1126627.BDOA9_0116330	r__Root; d__Bacteria; p__Pseudomonadota; c__Alphaproteobacteria; o__Hyphomicrobiales; f__Nitrobacteraceae; g__Bradyrhizobium; s__Bradyrhizobium sp. DOA9
1127694.HMPREF9120_02572	r__Root; d__Bacteria; p__Pseudomonadota; c__Betaproteobacteria; o__Neisseriales; f__Neisseriaceae; g__Neisseria; s__Neisseria sp. oral taxon 020
112904.BH747_00785	r__Root; d__Bacteria; p__Bacillota; c__Bacilli; o__Lactobacillales; f__Enterococcaceae; g__Enterococcus; s__Enterococcus villorum
1131292.BCR24_05240	r__Root; d__Bacteria; p__Bacillota; c__Bacilli; o__Lactobacillales; f__Enterococcaceae; g__Enterococcus; s__Enterococcus ureilyticus
1131292.BCR24_08670	r__Root; d__Bacteria; p__Bacillota; c__Bacilli; o__Lactobacillales; f__Enterococcaceae; g__Enterococcus; s__Enterococcus ureilyticus
1131814.GCA_000526175_04070	r__Root; d__Bacteria; p__Pseudomonadota; c__Alphaproteobacteria; o__Hyphomicrobiales; f__Xanthobacteraceae; g__Xanthobacter; s__Xanthobacter sp. 126
1132855.GCA_000384255_01221	r__Root; d__Bacteria; p__Pseudomonadota; c__Betaproteobacteria; o__Nitrosomonadales; f__Methylophilaceae; g__Methylotenera; s__Methylotenera mobilis
1133849.O3I_019615	r__Root; d__Bacteria; p__Actinomycetota; c__Actinomycetes; o__Mycobacteriales; f__Nocardiaceae; g__Nocardia; s__Nocardia brasiliensis
1134435.AC731_010930	r__Root; d__Bacteria; p__Pseudomonadota; c__Betaproteobacteria; o__Rhodocyclales; f__Zoogloeaceae; g__Thauera; s__Thauera humireducens
1035707.SAMN05216552_1002320	r__Root; d__Bacteria; p__Pseudomonadota; c__Betaproteobacteria; o__Burkholderiales; f__Oxalobacteraceae; g__Pseudoduganella; s__Pseudoduganella namucuonensis
1137095.NIES2130_11010	r__Root; d__Bacteria; p__Cyanobacteriota; c__Cyanophyceae; o__Nostocales; f__Scytonemataceae; g__Scytonema; s__Scytonema sp. HK-05
1137799.GZ78_19285	r__Root; d__Bacteria; p__Pseudomonadota; c__Gammaproteobacteria; o__Oceanospirillales; f__Endozoicomonadaceae; g__Endozoicomonas; s__Endozoicomonas numazuensis
1140.Synpcc7942_1388	r__Root; d__Bacteria; p__Cyanobacteriota; c__Cyanophyceae; o__Synechococcales; f__Synechococcaceae; g__Synechococcus; s__Synechococcus elongatus
1140003.OMY_01018	r__Root; d__Bacteria; p__Bacillota; c__Bacilli; o__Lactobacillales; f__Enterococcaceae; g__Enterococcus; s__Enterococcus sulfureus
1141883.GCA_001941825_02674	r__Root; d__Bacteria; p__Pseudomonadota; c__Betaproteobacteria; o__Burkholderiales; f__Oxalobacteraceae; g__Massilia; s__Massilia putida
1144275.COCOR_03183	r__Root; d__Bacteria; p__Myxococcota; c__Myxococcia; o__Myxococcales; f__Myxococcaceae; g__Corallococcus; s__Corallococcus coralloides
1144313.PMI10_01362	r__Root; d__Bacteria; p__Bacteroidota; c__Flavobacteriia; o__Flavobacteriales; f__Flavobacteriaceae; g__Flavobacterium; s__Flavobacterium sp. CF136
114615.BRADO6744	r__Root; d__Bacteria; p__Pseudomonadota; c__Alphaproteobacteria; o__Hyphomicrobiales; f__Nitrobacteraceae; g__Bradyrhizobium; s__Bradyrhizobium sp. ORS 278
1149133.ppKF707_3166	r__Root; d__Bacteria; p__Pseudomonadota; c__Gammaproteobacteria; o__Pseudomonadales; f__Pseudomonadaceae; g__Metapseudomonas; s__Metapseudomonas furukawaii
1149133.ppKF707_6208	r__Root; d__Bacteria; p__Pseudomonadota; c__Gammaproteobacteria; o__Pseudomonadales; f__Pseudomonadaceae; g__Metapseudomonas; s__Metapseudomonas furukawaii
1035707.SAMN05216552_102357	r__Root; d__Bacteria; p__Pseudomonadota; c__Betaproteobacteria; o__Burkholderiales; f__Oxalobacteraceae; g__Pseudoduganella; s__Pseudoduganella namucuonensis
1150157.GCA_000299035_05204	r__Root; d__Bacteria; p__Bacillota; c__Bacilli; o__Bacillales; f__Bacillaceae; g__Bacillus; s__Bacillus bingmayongensis
1150389.UJ101_00078	r__Root; d__Bacteria; p__Bacteroidota; c__Flavobacteriia; o__Flavobacteriales; f__Flavobacteriaceae
1150389.UJ101_01665	r__Root; d__Bacteria; p__Bacteroidota; c__Flavobacteriia; o__Flavobacteriales; f__Flavobacteriaceae
1150626.PHAMO_10157	r__Root; d__Bacteria; p__Pseudomonadota; c__Alphaproteobacteria; o__Rhodospirillales; f__Rhodospirillaceae; g__Magnetospirillum; s__Magnetospirillum molischianum
1155689.SAMN05444278_10843	r__Root; d__Bacteria; p__Bacteroidota; c__Flavobacteriia; o__Flavobacteriales; f__Flavobacteriaceae; g__Psychroflexus; s__Psychroflexus salarius
1158293.GCA_000381565_00588	r__Root; d__Bacteria; p__Pseudomonadota; c__Betaproteobacteria; o__Burkholderiales; f__Oxalobacteraceae
1158338.GCA_000703045_01875	r__Root; d__Bacteria; p__Aquificota; c__Aquificia; o__Aquificales; f__Hydrogenothermaceae; g__Persephonella; s__Persephonella sp. IF05-L8
1158345.GCA_000703085_00926	r__Root; d__Bacteria; p__Aquificota; c__Aquificia; o__Aquificales; f__Hydrogenothermaceae; g__Persephonella; s__Persephonella sp. KM09-Lau-8
1159496.GCA_000409345_03829	r__Root; d__Bacteria; p__Pseudomonadota; c__Gammaproteobacteria; o__Enterobacterales; f__Enterobacteriaceae; g__Cronobacter; s__Cronobacter dublinensis
1159554.AFK67_01850	r__Root; d__Bacteria; p__Pseudomonadota; c__Gammaproteobacteria; o__Enterobacterales; f__Enterobacteriaceae; g__Cronobacter; s__Cronobacter dublinensis
1035839.GCA_000238795_01779	r__Root; d__Bacteria; p__Pseudomonadota; c__Gammaproteobacteria; o__Pasteurellales; f__Pasteurellaceae; g__Haemophilus; s__Haemophilus sputorum
1159560.GCA_000409365_01429	r__Root; d__Bacteria; p__Pseudomonadota; c__Gammaproteobacteria; o__Enterobacterales; f__Enterobacteriaceae; g__Cronobacter; s__Cronobacter dublinensis
1160707.GCA_000284835_01854	r__Root; d__Bacteria; p__Bacillota; c__Bacilli; o__Bacillales; f__Caryophanaceae; g__Ureibacillus; s__Ureibacillus thermosphaericus
1163745.HCD_02785	r__Root; d__Bacteria; p__Campylobacterota; c__Epsilonproteobacteria; o__Campylobacterales; f__Helicobacteraceae; g__Helicobacter; s__Helicobacter cetorum
1164594.SAMN05216204_13710	r__Root; d__Bacteria; p__Pseudomonadota; c__Betaproteobacteria; o__Burkholderiales; f__Oxalobacteraceae; g__Massilia; s__Massilia yuzhufengensis
1165094.RINTHH_12680	r__Root; d__Bacteria; p__Cyanobacteriota; c__Cyanophyceae; o__Nostocales; f__Nostocaceae; g__Richelia; s__Richelia intracellularis
1166018.FAES_2094	r__Root; d__Bacteria; p__Bacteroidota; c__Cytophagia; o__Cytophagales; f__Spirosomataceae; g__Fibrella; s__Fibrella aestuarina
1168067.GCA_000526715_01540	r__Root; d__Bacteria; p__Pseudomonadota; c__Gammaproteobacteria; o__Thiotrichales; f__Piscirickettsiaceae; g__Hydrogenovibrio; s__Hydrogenovibrio kuenenii
1168169.GCA_000515215_01876	r__Root; d__Bacteria; p__Pseudomonadota; c__Gammaproteobacteria; o__Methylococcales; f__Methylococcaceae; g__Methylomonas; s__Methylomonas sp. 11b
1172565.AU508_05215	r__Root; d__Bacteria; p__Pseudomonadota; c__Gammaproteobacteria; o__Enterobacterales; f__Pectobacteriaceae; g__Lonsdalea; s__Lonsdalea populi
1173020.Cha6605_3931	r__Root; d__Bacteria; p__Cyanobacteriota; c__Cyanophyceae; o__Gomontiellales; f__Chamaesiphonaceae; g__Chamaesiphon; s__Chamaesiphon minutus
103690.gene_10494965	r__Root; d__Bacteria; p__Cyanobacteriota; c__Cyanophyceae; o__Nostocales; f__Nostocaceae; g__Nostoc; s__Nostoc sp. PCC 7120 = FACHB-418
1173025.GEI7407_2253	r__Root; d__Bacteria; p__Cyanobacteriota; c__Cyanophyceae; o__Geitlerinematales; f__Geitlerinemataceae; g__Geitlerinema; s__Geitlerinema sp. PCC 7407
1173950.SEI61121_04794	r__Root; d__Bacteria; p__Pseudomonadota; c__Gammaproteobacteria; o__Enterobacterales; f__Enterobacteriaceae; g__Salmonella; s__Salmonella enterica
1174501.SAMN05216192_1141	r__Root; d__Bacteria; p__Bacillota; c__Bacilli; o__Bacillales; f__Paenibacillaceae; g__Paenibacillus; s__Paenibacillus typhae
1177931.ThvES_00005330	r__Root; d__Bacteria; p__Campylobacterota; c__Epsilonproteobacteria; o__Campylobacterales; f__Sulfurimonadaceae; g__Thiovulum; s__Thiovulum sp. ES
1178825.SAMN05216261_1093	r__Root; d__Bacteria; p__Bacteroidota; c__Flavobacteriia; o__Flavobacteriales; f__Flavobacteriaceae; g__Algibacter; s__Algibacter luteus
1179773.BN6_31000	r__Root; d__Bacteria; p__Actinomycetota; c__Actinomycetes; o__Pseudonocardiales; f__Pseudonocardiaceae; g__Saccharothrix; s__Saccharothrix espanaensis
118060.ATZ35_10250	r__Root; d__Bacteria; p__Bacillota; c__Bacilli; o__Lactobacillales; f__Enterococcaceae; g__Enterococcus; s__Enterococcus rotai
118060.ATZ35_12715	r__Root; d__Bacteria; p__Bacillota; c__Bacilli; o__Lactobacillales; f__Enterococcaceae; g__Enterococcus; s__Enterococcus rotai
118060.ATZ35_13900	r__Root; d__Bacteria; p__Bacillota; c__Bacilli; o__Lactobacillales; f__Enterococcaceae; g__Enterococcus; s__Enterococcus rotai
118166.GCA_000309385_04026	r__Root; d__Bacteria; p__Cyanobacteriota; c__Cyanophyceae; o__Nodosilineales; f__Nodosilineaceae; g__Nodosilinea; s__Nodosilinea nodulosa
103733.GCA_000716755_02647	r__Root; d__Bacteria; p__Actinomycetota; c__Actinomycetes; o__Pseudonocardiales; f__Pseudonocardiaceae; g__Saccharothrix; s__Saccharothrix syringae
118168.MC7420_931	r__Root; d__Bacteria; p__Cyanobacteriota; c__Cyanophyceae; o__Coleofasciculales; f__Coleofasciculaceae; g__Coleofasciculus; s__Coleofasciculus chthonoplastes
1185325.A11Y_46746	r__Root; d__Bacteria; p__Bacillota; c__Bacilli; o__Lactobacillales; f__Lactobacillaceae; g__Loigolactobacillus; s__Loigolactobacillus coryniformis
1185652.USDA257_c15520	r__Root; d__Bacteria; p__Pseudomonadota; c__Alphaproteobacteria; o__Hyphomicrobiales; f__Rhizobiaceae; g__Sinorhizobium; s__Sinorhizobium fredii
1187851.A33M_0825	r__Root; d__Bacteria; p__Pseudomonadota; c__Alphaproteobacteria; o__Rhodobacterales; f__Paracoccaceae; g__Rhodovulum; s__Rhodovulum sp. PH10
1191459.MY04_1291	r__Root; d__Bacteria; p__Bacteroidota; c__Cytophagia; o__Cytophagales; f__Flammeovirgaceae; g__Flammeovirga; s__Flammeovirga sp. MY04
1193682.BJP25_22870	r__Root; d__Bacteria; p__Actinomycetota; c__Actinomycetes; o__Pseudonocardiales; f__Pseudonocardiaceae; g__Actinokineospora; s__Actinokineospora bangkokensis
1195763.ABT56_08030	r__Root; d__Bacteria; p__Pseudomonadota; c__Gammaproteobacteria; o__Vibrionales; f__Vibrionaceae; g__Photobacterium; s__Photobacterium aquae
1196094.SALWKB2_0165	r__Root; d__Bacteria; p__Pseudomonadota; c__Betaproteobacteria; o__Neisseriales; f__Neisseriaceae; g__Snodgrassella; s__Snodgrassella alvi
1196095.GAPWK_0442	r__Root; d__Bacteria; p__Pseudomonadota; c__Gammaproteobacteria; o__Orbales; f__Orbaceae; g__Gilliamella; s__Gilliamella apicola
1198452.Jab_2c27950	r__Root; d__Bacteria; p__Pseudomonadota; c__Betaproteobacteria; o__Burkholderiales; f__Oxalobacteraceae; g__Janthinobacterium; s__Janthinobacterium sp. HH01
1002804.HBZC1_14670	r__Root; d__Bacteria; p__Campylobacterota; c__Epsilonproteobacteria; o__Campylobacterales; f__Helicobacteraceae; g__Helicobacter; s__Helicobacter bizzozeronii
103733.GCA_000716755_04964	r__Root; d__Bacteria; p__Actinomycetota; c__Actinomycetes; o__Pseudonocardiales; f__Pseudonocardiaceae; g__Saccharothrix; s__Saccharothrix syringae
1206723.GCA_000308455_05433	r__Root; d__Bacteria; p__Actinomycetota; c__Actinomycetes; o__Mycobacteriales; f__Nocardiaceae; g__Nocardia; s__Nocardia abscessus
1206734.GCA_000308675_00932	r__Root; d__Bacteria; p__Actinomycetota; c__Actinomycetes; o__Mycobacteriales; f__Nocardiaceae; g__Nocardia; s__Nocardia paucivorans
1206737.GCA_000308755_04422	r__Root; d__Bacteria; p__Actinomycetota; c__Actinomycetes; o__Mycobacteriales; f__Nocardiaceae; g__Nocardia; s__Nocardia pneumoniae
1207063.P24_00420	r__Root; d__Bacteria; p__Pseudomonadota; c__Alphaproteobacteria; o__Rhodospirillales; f__Oceanibaculaceae; g__Oceanibaculum; s__Oceanibaculum indicum
1207075.PputUW4_05204	r__Root; d__Bacteria; p__Pseudomonadota; c__Gammaproteobacteria; o__Pseudomonadales; f__Pseudomonadaceae; g__Pseudomonas; s__Pseudomonas sp. UW4
1208104.B224_0733	r__Root; d__Bacteria; p__Pseudomonadota; c__Gammaproteobacteria; o__Aeromonadales; f__Aeromonadaceae; g__Aeromonas; s__Aeromonas media
1208599.GCA_000504145_00060	r__Root; d__Bacteria; p__Bacillota; c__Bacilli; o__Bacillales; f__Bacillaceae; g__Bacillus; s__Bacillus cihuensis
1208599.GCA_000504145_00608	r__Root; d__Bacteria; p__Bacillota; c__Bacilli; o__Bacillales; f__Bacillaceae; g__Bacillus; s__Bacillus cihuensis
1208600.GCA_000504165_03224	r__Root; d__Bacteria; p__Bacillota; c__Bacilli; o__Bacillales; f__Bacillaceae; g__Bacillus; s__Bacillus sp. FJAT-14578
1210063.GCA_001612665_00494	r__Root; d__Bacteria; p__Actinomycetota; c__Actinomycetes; o__Mycobacteriales; f__Nocardiaceae; g__Nocardia; s__Nocardia alba
1038867.GCA_000473045_06294	r__Root; d__Bacteria; p__Pseudomonadota; c__Alphaproteobacteria; o__Hyphomicrobiales; f__Nitrobacteraceae; g__Bradyrhizobium; s__Bradyrhizobium sp. WSM3983
1210067.GCA_001612765_03076	r__Root; d__Bacteria; p__Actinomycetota; c__Actinomycetes; o__Mycobacteriales; f__Nocardiaceae; g__Nocardia; s__Nocardia arthritidis
1210068.GCA_001612785_06576	r__Root; d__Bacteria; p__Actinomycetota; c__Actinomycetes; o__Mycobacteriales; f__Nocardiaceae; g__Nocardia; s__Nocardia beijingensis
1210069.GCA_001612805_04707	r__Root; d__Bacteria; p__Actinomycetota; c__Actinomycetes; o__Mycobacteriales; f__Nocardiaceae; g__Nocardia; s__Nocardia coubleae
1210074.GCA_001612885_01493	r__Root; d__Bacteria; p__Actinomycetota; c__Actinomycetes; o__Mycobacteriales; f__Nocardiaceae; g__Nocardia; s__Nocardia harenae
1210083.GCA_001613045_06571	r__Root; d__Bacteria; p__Actinomycetota; c__Actinomycetes; o__Mycobacteriales; f__Nocardiaceae; g__Nocardia; s__Nocardia lijiangensis
1210087.GCA_001613125_01976	r__Root; d__Bacteria; p__Actinomycetota; c__Actinomycetes; o__Mycobacteriales; f__Nocardiaceae; g__Nocardia; s__Nocardia shimofusensis
1210101.GCA_001613365_01282	r__Root; d__Bacteria; p__Actinomycetota; c__Actinomycetes; o__Mycobacteriales; f__Nocardiaceae; g__Nocardia; s__Nocardia xishanensis
121290.APY04_2613	r__Root; d__Bacteria; p__Pseudomonadota; c__Alphaproteobacteria; o__Hyphomicrobiales; f__Hyphomicrobiaceae; g__Hyphomicrobium; s__Hyphomicrobium sulfonivorans
121292.AU252_13630	r__Root; d__Bacteria; p__Actinomycetota; c__Actinomycetes; o__Micrococcales; f__Micrococcaceae; g__Pseudarthrobacter; s__Pseudarthrobacter sulfonivorans
1214065.GCA_000307305_02326	r__Root; d__Bacteria; p__Pseudomonadota; c__Gammaproteobacteria; o__Enterobacterales; f__Enterobacteriaceae
1038867.GCA_000473045_06295	r__Root; d__Bacteria; p__Pseudomonadota; c__Alphaproteobacteria; o__Hyphomicrobiales; f__Nitrobacteraceae; g__Bradyrhizobium; s__Bradyrhizobium sp. WSM3983
1214117.LFLEISCH_08297	r__Root; d__Bacteria; p__Bacillota; c__Bacilli; o__Bacillales; f__Listeriaceae; g__Listeria; s__Listeria fleischmannii
1214117.LFLEISCH_14731	r__Root; d__Bacteria; p__Bacillota; c__Bacilli; o__Bacillales; f__Listeriaceae; g__Listeria; s__Listeria fleischmannii
1215915.BN193_01125	r__Root; d__Bacteria; p__Bacillota; c__Bacilli; o__Lactobacillales; f__Streptococcaceae; g__Pseudolactococcus; s__Pseudolactococcus raffinolactis
1215915.BN193_01130	r__Root; d__Bacteria; p__Bacillota; c__Bacilli; o__Lactobacillales; f__Streptococcaceae; g__Pseudolactococcus; s__Pseudolactococcus raffinolactis
1215915.BN193_08125	r__Root; d__Bacteria; p__Bacillota; c__Bacilli; o__Lactobacillales; f__Streptococcaceae; g__Pseudolactococcus; s__Pseudolactococcus raffinolactis
1216006.VA7868_01387	r__Root; d__Bacteria; p__Pseudomonadota; c__Gammaproteobacteria; o__Vibrionales; f__Vibrionaceae; g__Vibrio; s__Vibrio aerogenes
1216962.BN341_15350	r__Root; d__Bacteria; p__Campylobacterota; c__Epsilonproteobacteria; o__Campylobacterales; f__Helicobacteraceae; g__Helicobacter; s__Helicobacter heilmannii
1216962.BN341_17550	r__Root; d__Bacteria; p__Campylobacterota; c__Epsilonproteobacteria; o__Campylobacterales; f__Helicobacteraceae; g__Helicobacter; s__Helicobacter heilmannii
1216980.ASA01S_080_00230	r__Root; d__Bacteria; p__Pseudomonadota; c__Gammaproteobacteria; o__Aeromonadales; f__Aeromonadaceae; g__Aeromonas; s__Aeromonas salmonicida
1217052.PI87_16115	r__Root; d__Bacteria; p__Pseudomonadota; c__Betaproteobacteria; o__Burkholderiales; f__Burkholderiaceae; g__Ralstonia; s__Ralstonia sp. A12
1041139.GCA_000379605_05533	r__Root; d__Bacteria; p__Pseudomonadota; c__Alphaproteobacteria; o__Hyphomicrobiales; f__Rhizobiaceae; g__Rhizobium; s__Rhizobium giardinii
121719.APZ00_14630	r__Root; d__Bacteria; p__Pseudomonadota; c__Alphaproteobacteria; o__Hyphomicrobiales; f__Stappiaceae; g__Pannonibacter; s__Pannonibacter phragmitetus
1217718.GCA_000292345_03266	r__Root; d__Bacteria; p__Pseudomonadota; c__Betaproteobacteria; o__Burkholderiales; f__Burkholderiaceae; g__Cupriavidus; s__Cupriavidus sp. BIS7
1217718.GCA_000292345_04077	r__Root; d__Bacteria; p__Pseudomonadota; c__Betaproteobacteria; o__Burkholderiales; f__Burkholderiaceae; g__Cupriavidus; s__Cupriavidus sp. BIS7
1218086.GCA_000759835_00606	r__Root; d__Bacteria; p__Pseudomonadota; c__Gammaproteobacteria; o__Enterobacterales; f__Enterobacteriaceae; g__Citrobacter; s__Citrobacter sedlakii
1218092.GCA_001544295_01005	r__Root; d__Bacteria; p__Bacillota; c__Bacilli; o__Lactobacillales; f__Enterococcaceae; g__Enterococcus; s__Enterococcus pseudoavium
1218495.RZ74_09960	r__Root; d__Bacteria; p__Bacillota; c__Bacilli; o__Lactobacillales; f__Lactobacillaceae; g__Apilactobacillus; s__Apilactobacillus apinorum
1219065.VPR01S_13_00380	r__Root; d__Bacteria; p__Pseudomonadota; c__Gammaproteobacteria; o__Vibrionales; f__Vibrionaceae; g__Vibrio; s__Vibrio proteolyticus
1219356.GCA_001591165_02408	r__Root; d__Bacteria; p__Pseudomonadota; c__Betaproteobacteria; o__Rhodocyclales; f__Zoogloeaceae; g__Thauera; s__Thauera butanivorans
1219361.GCA_001552615_02066	r__Root; d__Bacteria; p__Actinomycetota; c__Actinomycetes; o__Mycobacteriales; f__Gordoniaceae; g__Millisia; s__Millisia brevis
1219375.GCA_000454545_04612	r__Root; d__Bacteria; p__Pseudomonadota; c__Gammaproteobacteria; o__Lysobacterales; f__Lysobacteraceae; g__Xanthomonas; s__Xanthomonas cassavae
1041159.GCA_000513895_01883	r__Root; d__Bacteria; p__Pseudomonadota; c__Alphaproteobacteria; o__Hyphomicrobiales; f__Rhizobiaceae; g__Ensifer; s__Ensifer sp. WSM1721
1219383.SAMN05421733_11064	r__Root; d__Bacteria; p__Pseudomonadota; c__Gammaproteobacteria; o__Moraxellales; f__Moraxellaceae; g__Acinetobacter; s__Acinetobacter boissieri
1221450.GCA_002019595_02022	r__Root; d__Bacteria; p__Bacillota; c__Bacilli; o__Bacillales; f__Bacillaceae; g__Priestia; s__Priestia abyssalis
1221450.GCA_002019595_02390	r__Root; d__Bacteria; p__Bacillota; c__Bacilli; o__Bacillales; f__Bacillaceae; g__Priestia; s__Priestia abyssalis
1221996.QY95_02065	r__Root; d__Bacteria; p__Bacillota; c__Bacilli; o__Bacillales; f__Bacillaceae; g__Bacillus; s__Bacillus thermotolerans
1223489.GCA_001613465_02235	r__Root; d__Bacteria; p__Actinomycetota; c__Actinomycetes; o__Mycobacteriales; f__Nocardiaceae; g__Nocardia; s__Nocardia niwae
1223494.GCA_001544195_00172	r__Root; d__Bacteria; p__Bacillota; c__Bacilli; o__Lactobacillales; f__Enterococcaceae; g__Tetragenococcus; s__Tetragenococcus solitarius
1223802.SUTH_03404	r__Root; d__Bacteria; p__Pseudomonadota; c__Betaproteobacteria; o__Nitrosomonadales; f__Sterolibacteriaceae; g__Sulfuritalea; s__Sulfuritalea hydrogenivorans
1224136.GCA_000302695_03546	r__Root; d__Bacteria; p__Pseudomonadota; c__Gammaproteobacteria; o__Enterobacterales; f__Enterobacteriaceae
1229726.GRFL_2706	r__Root; d__Bacteria; p__Bacteroidota; c__Flavobacteriia; o__Flavobacteriales; f__Flavobacteriaceae; g__Christiangramia; s__Christiangramia flava
1229756.C269_08495	r__Root; d__Bacteria; p__Bacillota; c__Bacilli; o__Lactobacillales; f__Lactobacillaceae; g__Leuconostoc; s__Leuconostoc gelidum
104628.GCA_001653055_01183	r__Root; d__Bacteria; p__Campylobacterota; c__Epsilonproteobacteria; o__Campylobacterales; f__Helicobacteraceae; g__Helicobacter; s__Helicobacter suis
1229758.C270_00560	r__Root; d__Bacteria; p__Bacillota; c__Bacilli; o__Lactobacillales; f__Lactobacillaceae; g__Leuconostoc; s__Leuconostoc carnosum
123214.PERMA_1443	r__Root; d__Bacteria; p__Aquificota; c__Aquificia; o__Aquificales; f__Hydrogenothermaceae; g__Persephonella; s__Persephonella marina
1232431.GCA_001368795_00888	r__Root; d__Bacteria; p__Bacillota; c__Bacilli; o__Bacillales; f__Paenibacillaceae; g__Paenibacillus; s__Paenibacillus ihuae
1232866.AWB69_08189	r__Root; d__Bacteria; p__Pseudomonadota; c__Betaproteobacteria; o__Burkholderiales; f__Burkholderiaceae; g__Caballeronia; s__Caballeronia udeis
1233.SAMN05216387_10621	r__Root; d__Bacteria; p__Pseudomonadota; c__Betaproteobacteria; o__Nitrosomonadales; f__Nitrosomonadaceae; g__Nitrosovibrio; s__Nitrosovibrio tenuis
1233098.GCA_000315855_01326	r__Root; d__Bacteria; p__Pseudomonadota; c__Gammaproteobacteria; o__Aeromonadales; f__Aeromonadaceae; g__Aeromonas; s__Aeromonas salmonicida
1234679.BN424_1687	r__Root; d__Bacteria; p__Bacillota; c__Bacilli; o__Lactobacillales; f__Carnobacteriaceae; g__Carnobacterium; s__Carnobacterium maltaromaticum
1234679.BN424_3266	r__Root; d__Bacteria; p__Bacillota; c__Bacilli; o__Lactobacillales; f__Carnobacteriaceae; g__Carnobacterium; s__Carnobacterium maltaromaticum
1236179.VN23_06010	r__Root; d__Bacteria; p__Pseudomonadota; c__Betaproteobacteria; o__Burkholderiales; f__Oxalobacteraceae; g__Janthinobacterium; s__Janthinobacterium sp. B9-8
1236542.GCA_000614975_02831	r__Root; d__Bacteria; p__Pseudomonadota; c__Gammaproteobacteria; o__Alteromonadales; f__Shewanellaceae; g__Shewanella; s__Shewanella marina
1051646.IX91_19670	r__Root; d__Bacteria; p__Pseudomonadota; c__Gammaproteobacteria; o__Vibrionales; f__Vibrionaceae; g__Vibrio; s__Vibrio tubiashii
1236954.GCA_000615945_01719	r__Root; d__Bacteria; p__Bacillota; c__Bacilli; o__Bacillales; f__Bacillaceae; g__Caldalkalibacillus; s__Caldalkalibacillus mannanilyticus
1238182.C882_2951	r__Root; d__Bacteria; p__Pseudomonadota; c__Alphaproteobacteria; o__Rhodospirillales; f__Novispirillaceae; g__Caenispirillum; s__Caenispirillum salinarum
1239962.C943_00135	r__Root; d__Bacteria; p__Bacteroidota; c__Cytophagia; o__Cytophagales; f__Cyclobacteriaceae; g__Mariniradius; s__Mariniradius saccharolyticus
1242245.RZ95_12410	r__Root; d__Bacteria; p__Pseudomonadota; c__Gammaproteobacteria; o__Moraxellales; f__Moraxellaceae; g__Acinetobacter; s__Acinetobacter johnsonii
1243604.LFZ48_19965	r__Root; d__Bacteria; p__Pseudomonadota; c__Gammaproteobacteria; o__Enterobacterales; f__Enterobacteriaceae; g__Salmonella; s__Salmonella enterica
1244869.H261_06991	r__Root; d__Bacteria; p__Pseudomonadota; c__Alphaproteobacteria; o__Rhodospirillales; f__Magnetospirillaceae; g__Paramagnetospirillum; s__Paramagnetospirillum caucaseum
1245.ARA02_09340	r__Root; d__Bacteria; p__Bacillota; c__Bacilli; o__Lactobacillales; f__Lactobacillaceae; g__Leuconostoc; s__Leuconostoc mesenteroides
1245469.S58_07070	r__Root; d__Bacteria; p__Pseudomonadota; c__Alphaproteobacteria; o__Hyphomicrobiales; f__Nitrobacteraceae; g__Bradyrhizobium; s__Bradyrhizobium oligotrophicum
1246.BCR17_04435	r__Root; d__Bacteria; p__Bacillota; c__Bacilli; o__Lactobacillales; f__Lactobacillaceae; g__Leuconostoc; s__Leuconostoc lactis
1246626.BleG1_1812	r__Root; d__Bacteria; p__Bacillota; c__Bacilli; o__Bacillales; f__Bacillaceae; g__Shouchella; s__Shouchella lehensis
1057002.GCA_000378985_03703	r__Root; d__Bacteria; p__Pseudomonadota; c__Alphaproteobacteria; o__Hyphomicrobiales; f__Rhizobiaceae; g__Ensifer; s__Ensifer sp. BR816
1247514.GCA_001482195_01131	r__Root; d__Bacteria; p__Pseudomonadota; c__Gammaproteobacteria; o__Lysobacterales; f__Lysobacteraceae; g__Luteimonas; s__Luteimonas abyssi
1249627.D779_3497	r__Root; d__Bacteria; p__Pseudomonadota; c__Gammaproteobacteria; o__Chromatiales; f__Chromatiaceae; g__Imhoffiella; s__Imhoffiella purpurea
1250005.PHEL85_0217	r__Root; d__Bacteria; p__Bacteroidota; c__Flavobacteriia; o__Flavobacteriales; f__Flavobacteriaceae; g__Polaribacter; s__Polaribacter sp. Hel1_85
1254.A4V11_02505	r__Root; d__Bacteria; p__Bacillota; c__Bacilli; o__Lactobacillales; f__Lactobacillaceae; g__Pediococcus; s__Pediococcus acidilactici
1260356.D920_02400	r__Root; d__Bacteria; p__Bacillota; c__Bacilli; o__Lactobacillales; f__Enterococcaceae; g__Enterococcus; s__Enterococcus faecalis
1261617.GCA_000383895_05024	r__Root; d__Bacteria; p__Pseudomonadota; c__Betaproteobacteria; o__Burkholderiales; f__Oxalobacteraceae; g__Duganella; s__Duganella zoogloeoides
1261621.GCA_000378245_00302	r__Root; d__Bacteria; p__Pseudomonadota; c__Betaproteobacteria; o__Rhodocyclales; f__Rhodocyclaceae; g__Aromatoleum; s__Aromatoleum toluclasticum
1265504.GCA_000381265_02859	r__Root; d__Bacteria; p__Pseudomonadota; c__Betaproteobacteria; o__Burkholderiales; f__Comamonadaceae; g__Curvibacter; s__Curvibacter lanceolatus
1265504.GCA_000381265_03828	r__Root; d__Bacteria; p__Pseudomonadota; c__Betaproteobacteria; o__Burkholderiales; f__Comamonadaceae; g__Curvibacter; s__Curvibacter lanceolatus
1265504.GCA_000381265_04447	r__Root; d__Bacteria; p__Pseudomonadota; c__Betaproteobacteria; o__Burkholderiales; f__Comamonadaceae; g__Curvibacter; s__Curvibacter lanceolatus
1058.SAMN05421783_101132	r__Root; d__Bacteria; p__Pseudomonadota; c__Gammaproteobacteria; o__Chromatiales; f__Chromatiaceae; g__Thiocapsa; s__Thiocapsa roseopersicina
1265817.MFLO_07017	r__Root; d__Bacteria; p__Bacillota; c__Bacilli; o__Bacillales; f__Listeriaceae; g__Listeria; s__Listeria floridensis
1265817.MFLO_12341	r__Root; d__Bacteria; p__Bacillota; c__Bacilli; o__Bacillales; f__Listeriaceae; g__Listeria; s__Listeria floridensis
1265818.MAQA_07983	r__Root; d__Bacteria; p__Bacillota; c__Bacilli; o__Bacillales; f__Listeriaceae; g__Listeria; s__Listeria aquatica
1265818.MAQA_09991	r__Root; d__Bacteria; p__Bacillota; c__Bacilli; o__Bacillales; f__Listeriaceae; g__Listeria; s__Listeria aquatica
1265818.MAQA_14829	r__Root; d__Bacteria; p__Bacillota; c__Bacilli; o__Bacillales; f__Listeriaceae; g__Listeria; s__Listeria aquatica
1265819.PGRAN_00235	r__Root; d__Bacteria; p__Bacillota; c__Bacilli; o__Bacillales; f__Listeriaceae; g__Listeria; s__Listeria grandensis
1265819.PGRAN_13708	r__Root; d__Bacteria; p__Bacillota; c__Bacilli; o__Bacillales; f__Listeriaceae; g__Listeria; s__Listeria grandensis
1265820.PCORN_02816	r__Root; d__Bacteria; p__Bacillota; c__Bacilli; o__Bacillales; f__Listeriaceae; g__Listeria; s__Listeria cornellensis
1265820.PCORN_10232	r__Root; d__Bacteria; p__Bacillota; c__Bacilli; o__Bacillales; f__Listeriaceae; g__Listeria; s__Listeria cornellensis
1265845.PWEIH_00965	r__Root; d__Bacteria; p__Bacillota; c__Bacilli; o__Bacillales; f__Listeriaceae; g__Listeria; s__Listeria weihenstephanensis
1058.SAMN05421783_104130	r__Root; d__Bacteria; p__Pseudomonadota; c__Gammaproteobacteria; o__Chromatiales; f__Chromatiaceae; g__Thiocapsa; s__Thiocapsa roseopersicina
1265845.PWEIH_10988	r__Root; d__Bacteria; p__Bacillota; c__Bacilli; o__Bacillales; f__Listeriaceae; g__Listeria; s__Listeria weihenstephanensis
1265846.PROCOU_14470	r__Root; d__Bacteria; p__Bacillota; c__Bacilli; o__Bacillales; f__Listeriaceae; g__Listeria; s__Listeria rocourtiae
1265846.PROCOU_15749	r__Root; d__Bacteria; p__Bacillota; c__Bacilli; o__Bacillales; f__Listeriaceae; g__Listeria; s__Listeria rocourtiae
1265861.BCAMP_06670	r__Root; d__Bacteria; p__Bacillota; c__Bacilli; o__Bacillales; f__Listeriaceae; g__Brochothrix; s__Brochothrix campestris
1266845.Q783_05565	r__Root; d__Bacteria; p__Bacillota; c__Bacilli; o__Lactobacillales; f__Carnobacteriaceae; g__Carnobacterium; s__Carnobacterium inhibens
1266925.GCA_000619905_01223	r__Root; d__Bacteria; p__Pseudomonadota; c__Betaproteobacteria; o__Nitrosomonadales; f__Nitrosomonadaceae; g__Nitrosospira; s__Nitrosospira briensis
1267005.GCA_000383415_04021	r__Root; d__Bacteria; p__Pseudomonadota; c__Alphaproteobacteria; o__Hyphomicrobiales; f__Hyphomicrobiaceae; g__Hyphomicrobium; s__Hyphomicrobium zavarzinii
1267021.FPB0191_02045	r__Root; d__Bacteria; p__Pseudomonadota; c__Gammaproteobacteria; o__Orbales; f__Orbaceae; g__Frischella; s__Frischella perrara
1267533.GCA_000381585_02609	r__Root; d__Bacteria; p__Acidobacteriota; c__Terriglobia; o__Terriglobales; f__Acidobacteriaceae
1267534.GCA_000381605_01335	r__Root; d__Bacteria; p__Acidobacteriota; c__Terriglobia; o__Terriglobales; f__Acidobacteriaceae
1002805.HBZS_106990	r__Root; d__Bacteria; p__Campylobacterota; c__Epsilonproteobacteria; o__Campylobacterales; f__Helicobacteraceae; g__Helicobacter; s__Helicobacter bizzozeronii
106649.GCA_000829655_04597	r__Root; d__Bacteria; p__Pseudomonadota; c__Gammaproteobacteria; o__Moraxellales; f__Moraxellaceae; g__Acinetobacter; s__Acinetobacter guillouiae
1267600.GCA_000599885_01862	r__Root; d__Bacteria; p__Pseudomonadota; c__Gammaproteobacteria; o__Enterobacterales; f__Erwiniaceae; g__Pantoea; s__Pantoea sp. IMH
1268072.PSAB_09235	r__Root; d__Bacteria; p__Bacillota; c__Bacilli; o__Bacillales; f__Paenibacillaceae; g__Paenibacillus; s__Paenibacillus sabinae
1271860.SAMN05216174_101626	r__Root; d__Bacteria; p__Actinomycetota; c__Actinomycetes; o__Pseudonocardiales; f__Pseudonocardiaceae; g__Actinokineospora; s__Actinokineospora iranica
1278307.GCA_000381745_01963	r__Root; d__Bacteria; p__Pseudomonadota; c__Gammaproteobacteria; o__Alteromonadales; f__Psychromonadaceae; g__Psychromonas; s__Psychromonas ossibalaenae
1278312.GCA_000428725_02707	r__Root; d__Bacteria; p__Pseudomonadota; c__Gammaproteobacteria; o__Alteromonadales; f__Psychromonadaceae; g__Psychromonas; s__Psychromonas aquimarina
1282360.ABAC460_05155	r__Root; d__Bacteria; p__Pseudomonadota; c__Alphaproteobacteria; o__Caulobacterales; f__Caulobacteraceae; g__Asticcacaulis; s__Asticcacaulis sp. AC460
1282361.ABAC402_04610	r__Root; d__Bacteria; p__Pseudomonadota; c__Alphaproteobacteria; o__Caulobacterales; f__Caulobacteraceae; g__Asticcacaulis; s__Asticcacaulis sp. AC402
1282362.AEAC466_09165	r__Root; d__Bacteria; p__Pseudomonadota; c__Alphaproteobacteria; o__Caulobacterales; f__Caulobacteraceae; g__Asticcacaulis; s__Asticcacaulis sp. AC466
1282363.AEYBE204_04210	r__Root; d__Bacteria; p__Pseudomonadota; c__Alphaproteobacteria; o__Caulobacterales; f__Caulobacteraceae; g__Asticcacaulis; s__Asticcacaulis sp. YBE204
1284675.A6F70_09630	r__Root; d__Bacteria; p__Pseudomonadota; c__Gammaproteobacteria; o__Thiotrichales; f__Piscirickettsiaceae; g__Cycloclasticus; s__Cycloclasticus sp. symbiont of Bathymodiolus heckerae
1069081.SAMN05660197_0826	r__Root; d__Bacteria; p__Campylobacterota; c__Epsilonproteobacteria; o__Nautiliales; f__Nitratiruptoraceae; g__Nitratiruptor; s__Nitratiruptor tergarcus
1285242.A6A04_00225	r__Root; d__Bacteria; p__Pseudomonadota; c__Alphaproteobacteria; o__Rhodospirillales; f__Magnetospirillaceae; g__Paramagnetospirillum; s__Paramagnetospirillum marisnigri
1293598.IV56_GL001283	r__Root; d__Bacteria; p__Bacillota; c__Bacilli; o__Lactobacillales; f__Lactobacillaceae; g__Lacticaseibacillus; s__Lacticaseibacillus saniviri
1293890.TALK_13845	r__Root; d__Bacteria; p__Pseudomonadota; c__Alphaproteobacteria; o__Rhodospirillales; f__Thalassospiraceae; g__Thalassospira; s__Thalassospira alkalitolerans
1296536.BFV63_19860	r__Root; d__Bacteria; p__Pseudomonadota; c__Gammaproteobacteria; o__Enterobacterales; f__Enterobacteriaceae; g__Enterobacter; s__Enterobacter hormaechei
1297570.MESS4_340035	r__Root; d__Bacteria; p__Pseudomonadota; c__Alphaproteobacteria; o__Hyphomicrobiales; f__Phyllobacteriaceae; g__Mesorhizobium; s__Mesorhizobium sp. STM 4661
1297742.A176_000635	r__Root; d__Bacteria; p__Myxococcota; c__Myxococcia; o__Myxococcales; f__Myxococcaceae; g__Pseudomyxococcus; s__Pseudomyxococcus hansupus
1297742.A176_002984	r__Root; d__Bacteria; p__Myxococcota; c__Myxococcia; o__Myxococcales; f__Myxococcaceae; g__Pseudomyxococcus; s__Pseudomyxococcus hansupus
1298861.GCA_000426005_00499	r__Root; d__Bacteria; p__Pseudomonadota; c__Gammaproteobacteria; o__Lysobacterales; f__Lysobacteraceae; g__Lysobacter; s__Lysobacter sp. URHA0019
1300341.I595_1722	r__Root; d__Bacteria; p__Bacteroidota; c__Flavobacteriia; o__Flavobacteriales; f__Flavobacteriaceae; g__Croceitalea; s__Croceitalea dokdonensis
1302272.FC96_GL000833	r__Root; d__Bacteria; p__Bacillota; c__Bacilli; o__Lactobacillales; f__Lactobacillaceae; g__Secundilactobacillus; s__Secundilactobacillus kimchicus
1071054.GCA_000966195_02519	r__Root; d__Bacteria; p__Bacillota; c__Bacilli; o__Bacillales; f__Bacillaceae; g__Domibacillus; s__Domibacillus robiginosus
1304.HMPREF3219_0200968	r__Root; d__Bacteria; p__Bacillota; c__Bacilli; o__Lactobacillales; f__Streptococcaceae; g__Streptococcus; s__Streptococcus salivarius
1304883.GCA_000519045_01165	r__Root; d__Bacteria; p__Pseudomonadota; c__Betaproteobacteria; o__Rhodocyclales; f__Azonexaceae; g__Dechloromonas; s__Dechloromonas agitata
1307839.L21SP5_00829	r__Root; d__Bacteria; p__Bacteroidota; c__Bacteroidia; o__Bacteroidales; f__Salinivirgaceae; g__Salinivirga; s__Salinivirga cyanobacteriivorans
1316936.K678_10726	r__Root; d__Bacteria; p__Pseudomonadota; c__Alphaproteobacteria; o__Rhodospirillales; f__Rhodospirillaceae; g__Magnetospirillum; s__Magnetospirillum fulvum
1321611.GCA_001591385_04798	r__Root; d__Bacteria; p__Pseudomonadota; c__Betaproteobacteria; o__Burkholderiales; f__Comamonadaceae; g__Variovorax; s__Variovorax soli
1324350.AOY20_00940	r__Root; d__Bacteria; p__Pseudomonadota; c__Gammaproteobacteria; o__Moraxellales; f__Moraxellaceae; g__Acinetobacter; s__Acinetobacter equi
1325130.HFN_2071	r__Root; d__Bacteria; p__Campylobacterota; c__Epsilonproteobacteria; o__Campylobacterales; f__Helicobacteraceae; g__Helicobacter; s__Helicobacter fennelliae
1328314.Achr_31420	r__Root; d__Bacteria; p__Pseudomonadota; c__Gammaproteobacteria; o__Pseudomonadales; f__Pseudomonadaceae; g__Azotobacter; s__Azotobacter chroococcum
1329250.WOSG25_040560	r__Root; d__Bacteria; p__Bacillota; c__Bacilli; o__Lactobacillales; f__Lactobacillaceae; g__Weissella; s__Weissella oryzae
1331007.AALB_0645	r__Root; d__Bacteria; p__Pseudomonadota; c__Gammaproteobacteria; o__Alteromonadales; f__Alteromonadaceae; g__Agarivorans; s__Agarivorans albus
1073423.SAMN04488700_1869	r__Root; d__Bacteria; p__Bacillota; c__Bacilli; o__Lactobacillales; f__Carnobacteriaceae; g__Carnobacterium; s__Carnobacterium iners
1333845.SAMN04487895_11642	r__Root; d__Bacteria; p__Bacillota; c__Bacilli; o__Bacillales; f__Paenibacillaceae; g__Paenibacillus; s__Paenibacillus sophorae
1333848.CFNIH1_03515	r__Root; d__Bacteria; p__Pseudomonadota; c__Gammaproteobacteria; o__Enterobacterales; f__Enterobacteriaceae; g__Citrobacter; s__Citrobacter freundii
1334629.MFUL124B02_11245	r__Root; d__Bacteria; p__Myxococcota; c__Myxococcia; o__Myxococcales; f__Myxococcaceae; g__Myxococcus; s__Myxococcus fulvus
1335.A6J79_01090	r__Root; d__Bacteria; p__Bacillota; c__Bacilli; o__Lactobacillales; f__Streptococcaceae; g__Streptococcus; s__Streptococcus equinus
1336246.GCA_001598255_00346	r__Root; d__Bacteria; p__Pseudomonadota; c__Betaproteobacteria; o__Burkholderiales; f__Sphaerotilaceae; g__Roseateles; s__Roseateles chitosanitabidus
133720.SAMN05421690_104520	r__Root; d__Bacteria; p__Pseudomonadota; c__Betaproteobacteria; o__Nitrosomonadales; f__Nitrosomonadaceae; g__Nitrosomonas; s__Nitrosomonas sp. Nm51
133724.SAMN05421755_101013	r__Root; d__Bacteria; p__Pseudomonadota; c__Betaproteobacteria; o__Nitrosomonadales; f__Nitrosomonadaceae; g__Nitrosomonas; s__Nitrosomonas sp. Nm33
1339243.GCA_000798825_01389	r__Root; d__Bacteria; p__Bacillota; c__Bacilli; o__Lactobacillales; f__Carnobacteriaceae; g__Carnobacterium; s__Carnobacterium sp. ZWU0011
134537.OI25_2252	r__Root; d__Bacteria; p__Pseudomonadota; c__Betaproteobacteria; o__Burkholderiales; f__Burkholderiaceae; g__Paraburkholderia; s__Paraburkholderia fungorum
1346290.GCA_000372885_02612	r__Root; d__Bacteria; p__Pseudomonadota; c__Betaproteobacteria; o__Nitrosomonadales; f__Sterolibacteriaceae; g__Methyloversatilis; s__Methyloversatilis thermotolerans
1073999.AFK62_01875	r__Root; d__Bacteria; p__Pseudomonadota; c__Gammaproteobacteria; o__Enterobacterales; f__Enterobacteriaceae; g__Cronobacter; s__Cronobacter condimenti
1348624.GCA_001591545_03476	r__Root; d__Bacteria; p__Bacillota; c__Bacilli; o__Bacillales; f__Bacillaceae; g__Lederbergia; s__Lederbergia lenta
1348628.GCA_001591625_02275	r__Root; d__Bacteria; p__Bacillota; c__Bacilli; o__Bacillales; f__Bacillaceae; g__Metabacillus; s__Metabacillus fastidiosus
1348632.GCA_001591745_01008	r__Root; d__Bacteria; p__Bacillota; c__Bacilli; o__Lactobacillales; f__Streptococcaceae; g__Pseudolactococcus; s__Pseudolactococcus plantarum
1348632.GCA_001591745_01383	r__Root; d__Bacteria; p__Bacillota; c__Bacilli; o__Lactobacillales; f__Streptococcaceae; g__Pseudolactococcus; s__Pseudolactococcus plantarum
1348633.GCA_001591765_01438	r__Root; d__Bacteria; p__Bacillota; c__Bacilli; o__Lactobacillales; f__Streptococcaceae; g__Pseudolactococcus; s__Pseudolactococcus raffinolactis
1348633.GCA_001591765_01949	r__Root; d__Bacteria; p__Bacillota; c__Bacilli; o__Lactobacillales; f__Streptococcaceae; g__Pseudolactococcus; s__Pseudolactococcus raffinolactis
1348635.GCA_000740015_00826	r__Root; d__Bacteria; p__Pseudomonadota; c__Gammaproteobacteria; o__Vibrionales; f__Vibrionaceae; g__Vibrio; s__Vibrio diazotrophicus
1348657.M622_11820	r__Root; d__Bacteria; p__Pseudomonadota; c__Betaproteobacteria; o__Rhodocyclales; f__Zoogloeaceae; g__Thauera; s__Thauera terpenica
1348853.LK12_06605	r__Root; d__Bacteria; p__Pseudomonadota; c__Alphaproteobacteria; o__Sphingomonadales; f__Sphingomonadaceae; g__Novosphingobium; s__Novosphingobium malaysiense
1349752.GCA_001571145_02097	r__Root; d__Bacteria; p__Pseudomonadota; c__Betaproteobacteria; o__Burkholderiales; f__Comamonadaceae; g__Hydrogenophaga; s__Hydrogenophaga flava
1075768.GCA_000344615_02849	r__Root; d__Bacteria; p__Pseudomonadota; c__Betaproteobacteria; o__Burkholderiales; f__Oxalobacteraceae; g__Janthinobacterium; s__Janthinobacterium sp. CG3
1349752.GCA_001571145_03588	r__Root; d__Bacteria; p__Pseudomonadota; c__Betaproteobacteria; o__Burkholderiales; f__Comamonadaceae; g__Hydrogenophaga; s__Hydrogenophaga flava
1349762.GCA_001592245_00989	r__Root; d__Bacteria; p__Pseudomonadota; c__Betaproteobacteria; o__Burkholderiales; f__Burkholderiaceae; g__Cupriavidus; s__Cupriavidus oxalaticus
1349763.GCA_001592265_00783	r__Root; d__Bacteria; p__Pseudomonadota; c__Betaproteobacteria; o__Burkholderiales; f__Comamonadaceae; g__Curvibacter; s__Curvibacter delicatus
1349767.GJA_834	r__Root; d__Bacteria; p__Pseudomonadota; c__Betaproteobacteria; o__Burkholderiales; f__Oxalobacteraceae; g__Janthinobacterium; s__Janthinobacterium agaricidamnosum
1349775.GCA_001598275_00277	r__Root; d__Bacteria; p__Pseudomonadota; c__Gammaproteobacteria; o__Moraxellales; f__Moraxellaceae; g__Moraxella; s__Moraxella oblonga
1349775.GCA_001598275_01551	r__Root; d__Bacteria; p__Pseudomonadota; c__Gammaproteobacteria; o__Moraxellales; f__Moraxellaceae; g__Moraxella; s__Moraxella oblonga
1349785.GCA_000509405_02242	r__Root; d__Bacteria; p__Bacteroidota; c__Flavobacteriia; o__Flavobacteriales; f__Flavobacteriaceae; g__Tenacibaculum; s__Tenacibaculum maritimum
1349793.GCA_001592305_01659	r__Root
1352.AL014_05985	r__Root; d__Bacteria; p__Bacillota; c__Bacilli; o__Lactobacillales; f__Enterococcaceae; g__Enterococcus; s__Enterococcus faecium
1353.AL523_13550	r__Root; d__Bacteria; p__Bacillota; c__Bacilli; o__Lactobacillales; f__Enterococcaceae; g__Enterococcus; s__Enterococcus gallinarum
1075768.GCA_000344615_05094	r__Root; d__Bacteria; p__Pseudomonadota; c__Betaproteobacteria; o__Burkholderiales; f__Oxalobacteraceae; g__Janthinobacterium; s__Janthinobacterium sp. CG3
1354.A6P53_06035	r__Root; d__Bacteria; p__Bacillota; c__Bacilli; o__Lactobacillales; f__Enterococcaceae; g__Enterococcus; s__Enterococcus hirae
1354252.M976_01315	r__Root; d__Bacteria; p__Pseudomonadota; c__Gammaproteobacteria; o__Enterobacterales; f__Enterobacteriaceae; g__Buttiauxella; s__Buttiauxella ferragutiae
1357400.HMPREF2086_00294	r__Root; d__Bacteria; p__Campylobacterota; c__Epsilonproteobacteria; o__Campylobacterales; f__Helicobacteraceae; g__Helicobacter; s__Helicobacter macacae
1364.LP2241_30374	r__Root; d__Bacteria; p__Bacillota; c__Bacilli; o__Lactobacillales; f__Streptococcaceae; g__Pseudolactococcus; s__Pseudolactococcus piscium
1364.LP2241_50264	r__Root; d__Bacteria; p__Bacillota; c__Bacilli; o__Lactobacillales; f__Streptococcaceae; g__Pseudolactococcus; s__Pseudolactococcus piscium
136547.SAMN05720354_101194	r__Root; d__Bacteria; p__Pseudomonadota; c__Betaproteobacteria; o__Nitrosomonadales; f__Nitrosomonadaceae; g__Nitrosospira; s__Nitrosospira sp. Nsp1
1366050.N234_33505	r__Root; d__Bacteria; p__Pseudomonadota; c__Betaproteobacteria; o__Burkholderiales; f__Burkholderiaceae; g__Ralstonia; s__Ralstonia pickettii
136993.GCA_000379125_02983	r__Root; d__Bacteria; p__Pseudomonadota; c__Alphaproteobacteria; o__Hyphomicrobiales; f__Methylocystaceae; g__Methylosinus; s__Methylosinus sp. LW4
1371.GCA_900166605_02549	r__Root; d__Bacteria; p__Bacillota; c__Bacilli; o__Bacillales; f__Bacillaceae; g__Marinococcus; s__Marinococcus halophilus
137584.SG34_00105	r__Root; d__Bacteria; p__Pseudomonadota; c__Gammaproteobacteria; o__Alteromonadales; f__Colwelliaceae; g__Thalassomonas; s__Thalassomonas viridans
107635.GCA_000527115_00312	r__Root; d__Bacteria; p__Pseudomonadota; c__Alphaproteobacteria; o__Hyphomicrobiales; f__Methylocystaceae; g__Methylosinus; s__Methylosinus sp. LW3
137591.AO080_05530	r__Root; d__Bacteria; p__Bacillota; c__Bacilli; o__Lactobacillales; f__Lactobacillaceae; g__Weissella; s__Weissella cibaria
137658.SAMN05216186_11660	r__Root; d__Bacteria; p__Pseudomonadota; c__Gammaproteobacteria; o__Pseudomonadales; f__Pseudomonadaceae; g__Pseudomonas; s__Pseudomonas indica
1379159.CH75_17260	r__Root; d__Bacteria; p__Pseudomonadota; c__Gammaproteobacteria; o__Lysobacterales; f__Rhodanobacteraceae; g__Dyella; s__Dyella jiangningensis
1379680.GCA_001612615_00434	r__Root; d__Bacteria; p__Actinomycetota; c__Actinomycetes; o__Mycobacteriales; f__Nocardiaceae; g__Nocardia; s__Nocardia amikacinitolerans
1380348.GCA_000620725_03415	r__Root; d__Bacteria; p__Acidobacteriota; c__Terriglobia; o__Terriglobales; f__Acidobacteriaceae
1380394.GCA_000518365_02206	r__Root; d__Bacteria; p__Pseudomonadota; c__Alphaproteobacteria; o__Rhodospirillales
1384049.CD29_11290	r__Root; d__Bacteria; p__Bacillota; c__Bacilli; o__Bacillales; f__Caryophanaceae; g__Ureibacillus; s__Ureibacillus manganicus
1384057.CD33_02835	r__Root; d__Bacteria; p__Bacillota; c__Bacilli; o__Bacillales; f__Caryophanaceae; g__Ureibacillus; s__Ureibacillus sinduriensis
1384589.GCA_001484765_00424	r__Root; d__Bacteria; p__Pseudomonadota; c__Gammaproteobacteria; o__Enterobacterales; f__Enterobacteriaceae; g__Entomohabitans; s__Entomohabitans teleogrylli
1385369.N825_21690	r__Root; d__Bacteria; p__Pseudomonadota; c__Alphaproteobacteria; o__Rhodospirillales; f__Azospirillaceae; g__Skermanella; s__Skermanella stibiiresistens
107636.GCA_000745215_04138	r__Root; d__Bacteria; p__Pseudomonadota; c__Alphaproteobacteria; o__Hyphomicrobiales; f__Methylocystaceae; g__Methylosinus; s__Methylosinus sp. PW1
1385369.N825_26385	r__Root; d__Bacteria; p__Pseudomonadota; c__Alphaproteobacteria; o__Rhodospirillales; f__Azospirillaceae; g__Skermanella; s__Skermanella stibiiresistens
1385935.N836_23335	r__Root; d__Bacteria; p__Cyanobacteriota; c__Cyanophyceae; o__Leptolyngbyales; f__Leptolyngbyaceae; g__Leptolyngbya; s__Leptolyngbya sp. Heron Island J
1387197.GCA_000471645_00339	r__Root; d__Bacteria; p__Pseudomonadota; c__Gammaproteobacteria; o__Orbales; f__Orbaceae; g__Candidatus Schmidhempelia; s__Candidatus Schmidhempelia bombi
1388748.GCA_000463155_00822	r__Root; d__Bacteria; p__Pseudomonadota; c__Gammaproteobacteria; o__Enterobacterales; f__Enterobacteriaceae; g__Siccibacter; s__Siccibacter turicensis
1388752.CSUB8523_1820	r__Root; d__Bacteria; p__Campylobacterota; c__Epsilonproteobacteria; o__Campylobacterales; f__Campylobacteraceae; g__Campylobacter; s__Campylobacter subantarcticus
1388753.CPEL_1612	r__Root; d__Bacteria; p__Campylobacterota; c__Epsilonproteobacteria; o__Campylobacterales; f__Campylobacteraceae; g__Campylobacter; s__Campylobacter peloridis
1389489.O159_18170	r__Root; d__Bacteria; p__Actinomycetota; c__Actinomycetes; o__Micrococcales; f__Microbacteriaceae; g__Leifsonia; s__Leifsonia xyli
1389489.O159_18180	r__Root; d__Bacteria; p__Actinomycetota; c__Actinomycetes; o__Micrococcales; f__Microbacteriaceae; g__Leifsonia; s__Leifsonia xyli
1399419.A5906_19890	r__Root; d__Bacteria; p__Pseudomonadota; c__Alphaproteobacteria; o__Hyphomicrobiales; f__Nitrobacteraceae; g__Bradyrhizobium; s__Bradyrhizobium sacchari
1400520.LFAB_12050	r__Root; d__Bacteria; p__Bacillota; c__Bacilli; o__Lactobacillales; f__Lactobacillaceae; g__Lactiplantibacillus; s__Lactiplantibacillus fabifermentans
1076551.HA48_15155	r__Root; d__Bacteria; p__Pseudomonadota; c__Gammaproteobacteria; o__Enterobacterales; f__Erwiniaceae; g__Pantoea; s__Pantoea wallisii
1401685.P857_614	r__Root; d__Bacteria; p__Pseudomonadota; c__Alphaproteobacteria; o__Rickettsiales; f__Anaplasmataceae; g__Candidatus Xenolissoclinum; s__Candidatus Xenolissoclinum pacificiensis
140314.SAMN04488076_10416	r__Root; d__Bacteria; p__Bacillota; c__Bacilli; o__Lactobacillales; f__Carnobacteriaceae; g__Trichococcus; s__Trichococcus palustris
1406.LK13_14395	r__Root; d__Bacteria; p__Bacillota; c__Bacilli; o__Bacillales; f__Paenibacillaceae; g__Paenibacillus; s__Paenibacillus polymyxa
1406858.GCA_000710895_06884	r__Root; d__Bacteria; p__Actinomycetota; c__Actinomycetes; o__Mycobacteriales; f__Nocardiaceae; g__Nocardia; s__Nocardia otitidiscaviarum
1407650.GCA_000485815_00065	r__Root; d__Bacteria; p__Cyanobacteriota; c__Cyanophyceae; o__Chroococcales; f__Geminocystaceae; g__Picosynechococcus; s__Picosynechococcus sp. NKBG15041c
1408226.T233_00911	r__Root; d__Bacteria; p__Bacillota; c__Bacilli; o__Lactobacillales; f__Enterococcaceae; g__Vagococcus; s__Vagococcus lutrae
1410619.SRDD_11090	r__Root; d__Bacteria; p__Pseudomonadota; c__Gammaproteobacteria; o__Enterobacterales; f__Yersiniaceae; g__Serratia; s__Serratia sp. DD3
1415778.GCA_000744735_00242	r__Root; d__Bacteria; p__Pseudomonadota; c__Gammaproteobacteria; o__Cellvibrionales; f__Porticoccaceae; g__Porticoccus; s__Porticoccus hydrocarbonoclasticus
1416803.CAL13_01845	r__Root; d__Bacteria; p__Pseudomonadota; c__Betaproteobacteria; o__Burkholderiales; f__Alcaligenaceae; g__Bordetella; s__Bordetella genomosp. 9
1421013.GCA_000504425_02608	r__Root; d__Bacteria; p__Pseudomonadota; c__Alphaproteobacteria; o__Hyphomicrobiales; f__Nitrobacteraceae; g__Rhodopseudomonas; s__Rhodopseudomonas palustris
1002809.SSIL_3574	r__Root; d__Bacteria; p__Bacillota; c__Bacilli; o__Bacillales; f__Caryophanaceae; g__Solibacillus; s__Solibacillus silvestris
1077675.BCR22_00550	r__Root; d__Bacteria; p__Bacillota; c__Bacilli; o__Lactobacillales; f__Enterococcaceae; g__Enterococcus; s__Enterococcus plantarum
1423322.AB674_19825	r__Root; d__Bacteria; p__Bacteroidota; c__Flavobacteriia; o__Flavobacteriales; f__Flavobacteriaceae; g__Flavobacterium; s__Flavobacterium sp. ABG
1423725.FC19_GL001848	r__Root; d__Bacteria; p__Bacillota; c__Bacilli; o__Lactobacillales; f__Lactobacillaceae; g__Liquorilactobacillus; s__Liquorilactobacillus aquaticus
1423726.FC07_GL001351	r__Root; d__Bacteria; p__Bacillota; c__Bacilli; o__Lactobacillales; f__Lactobacillaceae; g__Loigolactobacillus; s__Loigolactobacillus bifermentans
1423729.FC80_GL001755	r__Root; d__Bacteria; p__Bacillota; c__Bacilli; o__Lactobacillales; f__Lactobacillaceae; g__Liquorilactobacillus; s__Liquorilactobacillus cacaonum
1423731.FC81_GL001974	r__Root; d__Bacteria; p__Bacillota; c__Bacilli; o__Lactobacillales; f__Lactobacillaceae; g__Liquorilactobacillus; s__Liquorilactobacillus capillatus
1423734.FC83_GL001051	r__Root; d__Bacteria; p__Bacillota; c__Bacilli; o__Lactobacillales; f__Lactobacillaceae; g__Agrilactobacillus; s__Agrilactobacillus composti
1423739.FC85_GL002647	r__Root; d__Bacteria; p__Bacillota; c__Bacilli; o__Lactobacillales; f__Lactobacillaceae; g__Lentilactobacillus; s__Lentilactobacillus diolivorans
1423743.FD41_GL000271	r__Root; d__Bacteria; p__Bacillota; c__Bacilli; o__Lactobacillales; f__Lactobacillaceae; g__Lentilactobacillus; s__Lentilactobacillus farraginis
1423744.FC86_GL001151	r__Root; d__Bacteria; p__Bacillota; c__Bacilli; o__Lactobacillales; f__Lactobacillaceae; g__Holzapfeliella; s__Holzapfeliella floricola
1423750.FC89_GL001277	r__Root; d__Bacteria; p__Bacillota; c__Bacilli; o__Lactobacillales; f__Lactobacillaceae; g__Liquorilactobacillus; s__Liquorilactobacillus ghanensis
1077675.BCR22_04645	r__Root; d__Bacteria; p__Bacillota; c__Bacilli; o__Lactobacillales; f__Enterococcaceae; g__Enterococcus; s__Enterococcus plantarum
1423759.FC92_GL002205	r__Root; d__Bacteria; p__Bacillota; c__Bacilli; o__Lactobacillales; f__Lactobacillaceae; g__Liquorilactobacillus; s__Liquorilactobacillus hordei
1423776.FD04_GL001114	r__Root; d__Bacteria; p__Bacillota; c__Bacilli; o__Lactobacillales; f__Lactobacillaceae; g__Secundilactobacillus; s__Secundilactobacillus odoratitofui
1423777.FD46_GL000426	r__Root; d__Bacteria; p__Bacillota; c__Bacilli; o__Lactobacillales; f__Lactobacillaceae; g__Liquorilactobacillus; s__Liquorilactobacillus oeni
1423778.FC70_GL000958	r__Root; d__Bacteria; p__Bacillota; c__Bacilli; o__Lactobacillales; f__Lactobacillaceae; g__Paucilactobacillus; s__Paucilactobacillus oligofermentans
1423780.FD05_GL000294	r__Root; d__Bacteria; p__Bacillota; c__Bacilli; o__Lactobacillales; f__Lactobacillaceae; g__Lentilactobacillus; s__Lentilactobacillus otakiensis
1423781.FD06_GL001263	r__Root; d__Bacteria; p__Bacillota; c__Bacilli; o__Lactobacillales; f__Lactobacillaceae; g__Apilactobacillus; s__Apilactobacillus ozensis
1423795.FD12_GL001040	r__Root; d__Bacteria; p__Bacillota; c__Bacilli; o__Lactobacillales; f__Lactobacillaceae; g__Lentilactobacillus; s__Lentilactobacillus rapi
1423801.FD50_GL001134	r__Root; d__Bacteria; p__Bacillota; c__Bacilli; o__Lactobacillales; f__Lactobacillaceae; g__Liquorilactobacillus; s__Liquorilactobacillus satsumensis
1423804.FD14_GL001870	r__Root; d__Bacteria; p__Bacillota; c__Bacilli; o__Lactobacillales; f__Lactobacillaceae; g__Secundilactobacillus; s__Secundilactobacillus similis
1423806.FD15_GL000878	r__Root; d__Bacteria; p__Bacillota; c__Bacilli; o__Lactobacillales; f__Lactobacillaceae; g__Liquorilactobacillus; s__Liquorilactobacillus sucicola
1077675.BCR22_06505	r__Root; d__Bacteria; p__Bacillota; c__Bacilli; o__Lactobacillales; f__Enterococcaceae; g__Enterococcus; s__Enterococcus plantarum
1423807.FD16_GL001681	r__Root; d__Bacteria; p__Bacillota; c__Bacilli; o__Lactobacillales; f__Lactobacillaceae; g__Paucilactobacillus; s__Paucilactobacillus suebicus
1423812.FD20_GL002255	r__Root; d__Bacteria; p__Bacillota; c__Bacilli; o__Lactobacillales; f__Lactobacillaceae; g__Liquorilactobacillus; s__Liquorilactobacillus uvarum
1423813.FC26_GL001689	r__Root; d__Bacteria; p__Bacillota; c__Bacilli; o__Lactobacillales; f__Lactobacillaceae; g__Paucilactobacillus; s__Paucilactobacillus vaccinostercus
1431688.GCA_001469165_01379	r__Root; d__Bacteria; p__Pseudomonadota; c__Gammaproteobacteria; o__Chromatiales; f__Chromatiaceae; g__Thiohalocapsa; s__Thiohalocapsa sp. ML1
1434232.MAIT1_00167	r__Root; d__Bacteria; p__Pseudomonadota; c__Magnetococcia; o__Magnetococcales; f__Magnetococcaceae; g__Magnetofaba; s__Magnetofaba australis
1434232.MAIT1_02429	r__Root; d__Bacteria; p__Pseudomonadota; c__Magnetococcia; o__Magnetococcales; f__Magnetococcaceae; g__Magnetofaba; s__Magnetofaba australis
1435069.GCA_001547935_03759	r__Root; d__Bacteria; p__Pseudomonadota; c__Gammaproteobacteria; o__Vibrionales; f__Vibrionaceae; g__Vibrio; s__Vibrio tritonius
1437360.SAMN05444170_4370	r__Root; d__Bacteria; p__Pseudomonadota; c__Alphaproteobacteria; o__Hyphomicrobiales; f__Nitrobacteraceae; g__Bradyrhizobium; s__Bradyrhizobium erythrophlei
1437877.GCA_001564415_00603	r__Root; d__Bacteria; p__Pseudomonadota; c__Gammaproteobacteria; o__Lysobacterales; f__Lysobacteraceae; g__Xanthomonas; s__Xanthomonas phaseoli
144026.SAMN04488568_11224	r__Root; d__Bacteria; p__Pseudomonadota; c__Alphaproteobacteria; o__Maricaulales; f__Maricaulaceae; g__Maricaulis; s__Maricaulis salignorans
1078846.GCA_000384075_00284	r__Root; d__Bacteria; p__Pseudomonadota; c__Gammaproteobacteria; o__Methylococcales; f__Methylococcaceae; g__Methylovulum; s__Methylovulum miyakonense
1441930.Z042_09470	r__Root; d__Bacteria; p__Pseudomonadota; c__Gammaproteobacteria; o__Enterobacterales; f__Yersiniaceae; g__Chania; s__Chania multitudinisentens
1443113.LC20_01579	r__Root; d__Bacteria; p__Pseudomonadota; c__Gammaproteobacteria; o__Enterobacterales; f__Yersiniaceae; g__Yersinia; s__Yersinia enterocolitica
1443665.GCA_000520995_02295	r__Root; d__Bacteria; p__Bacteroidota; c__Flavobacteriia; o__Flavobacteriales; f__Flavobacteriaceae; g__Aquimarina; s__Aquimarina macrocephali
1443665.GCA_000520995_03987	r__Root; d__Bacteria; p__Bacteroidota; c__Flavobacteriia; o__Flavobacteriales; f__Flavobacteriaceae; g__Aquimarina; s__Aquimarina macrocephali
1443665.GCA_000520995_04945	r__Root; d__Bacteria; p__Bacteroidota; c__Flavobacteriia; o__Flavobacteriales; f__Flavobacteriaceae; g__Aquimarina; s__Aquimarina macrocephali
1443666.GCA_900089995_00834	r__Root; d__Bacteria; p__Bacteroidota; c__Flavobacteriia; o__Flavobacteriales; f__Flavobacteriaceae; g__Aquimarina; s__Aquimarina megaterium
1443666.GCA_900089995_00976	r__Root; d__Bacteria; p__Bacteroidota; c__Flavobacteriia; o__Flavobacteriales; f__Flavobacteriaceae; g__Aquimarina; s__Aquimarina megaterium
1443666.GCA_900089995_02329	r__Root; d__Bacteria; p__Bacteroidota; c__Flavobacteriia; o__Flavobacteriales; f__Flavobacteriaceae; g__Aquimarina; s__Aquimarina megaterium
1443666.GCA_900089995_02331	r__Root; d__Bacteria; p__Bacteroidota; c__Flavobacteriia; o__Flavobacteriales; f__Flavobacteriaceae; g__Aquimarina; s__Aquimarina megaterium
1443993.GCA_000577615_01028	r__Root; d__Bacteria; p__Pseudomonadota; c__Betaproteobacteria; o__Burkholderiales; f__Oxalobacteraceae; g__Herbaspirillum; s__Herbaspirillum sp. RV1423
1080071.GCA_001431045_00701	r__Root; d__Bacteria; p__Bacillota; c__Bacilli; o__Lactobacillales; f__Streptococcaceae; g__Streptococcus; s__Streptococcus orisasini
1445510.YC6258_04252	r__Root; d__Bacteria; p__Pseudomonadota; c__Gammaproteobacteria; o__Oceanospirillales; f__Saccharospirillaceae; g__Gynuella; s__Gynuella sunshinyii
1449087.GCA_000711305_00973	r__Root; d__Bacteria; p__Pseudomonadota; c__Gammaproteobacteria; o__Thiotrichales; f__Piscirickettsiaceae; g__Hydrogenovibrio; s__Hydrogenovibrio sp. MA2-6
1449337.GCA_000744185_00377	r__Root; d__Bacteria; p__Bacillota; c__Bacilli; o__Lactobacillales; f__Carnobacteriaceae; g__Carnobacterium; s__Carnobacterium funditum
1449337.GCA_000744185_01375	r__Root; d__Bacteria; p__Bacillota; c__Bacilli; o__Lactobacillales; f__Carnobacteriaceae; g__Carnobacterium; s__Carnobacterium funditum
1449338.GCA_000744375_00861	r__Root; d__Bacteria; p__Bacillota; c__Bacilli; o__Lactobacillales; f__Carnobacteriaceae; g__Carnobacterium; s__Carnobacterium gallinarum
1449338.GCA_000744375_01437	r__Root; d__Bacteria; p__Bacillota; c__Bacilli; o__Lactobacillales; f__Carnobacteriaceae; g__Carnobacterium; s__Carnobacterium gallinarum
1449342.GCA_000744825_00454	r__Root; d__Bacteria; p__Bacillota; c__Bacilli; o__Lactobacillales; f__Carnobacteriaceae; g__Carnobacterium; s__Carnobacterium mobile
1449343.GCA_000744285_01299	r__Root; d__Bacteria; p__Bacillota; c__Bacilli; o__Lactobacillales; f__Carnobacteriaceae; g__Carnobacterium; s__Carnobacterium pleistocenium
1453495.AT01_422	r__Root; d__Bacteria; p__Pseudomonadota; c__Gammaproteobacteria; o__Enterobacterales; f__Yersiniaceae; g__Yersinia; s__Yersinia aldovae
1453999.AW06_002225	r__Root
1082704.AU509_06055	r__Root; d__Bacteria; p__Pseudomonadota; c__Gammaproteobacteria; o__Enterobacterales; f__Pectobacteriaceae; g__Lonsdalea; s__Lonsdalea britannica
1454000.AW07_02532	r__Root; d__Bacteria; p__Pseudomonadota; c__Betaproteobacteria
1454001.AW08_00280	r__Root; d__Bacteria; p__Pseudomonadota; c__Betaproteobacteria
1454003.AW10_02223	r__Root; d__Bacteria; p__Pseudomonadota; c__Betaproteobacteria
1454004.AW11_00205	r__Root
1454005.AW12_01385	r__Root; d__Bacteria; p__Pseudomonadota; c__Betaproteobacteria
1455061.GCA_000714715_02148	r__Root; d__Bacteria; p__Nitrospirota; c__Thermodesulfovibrionia; o__Thermodesulfovibrionales; f__Candidatus Magnetobacteriaceae; g__Candidatus Magnetobacterium; s__Candidatus Magnetobacterium casense
1457154.CAPSK01_001541	r__Root
1458275.AZ34_03690	r__Root; d__Bacteria; p__Pseudomonadota; c__Betaproteobacteria; o__Burkholderiales; f__Comamonadaceae; g__Hylemonella; s__Hylemonella gracilis
1460637.GCA_001310375_06249	r__Root; d__Bacteria; p__Bacillota; c__Bacilli; o__Bacillales; f__Bacillaceae; g__Bacillus; s__Bacillus sp. JCM 19041
1460637.GCA_001310375_06250	r__Root; d__Bacteria; p__Bacillota; c__Bacilli; o__Bacillales; f__Bacillaceae; g__Bacillus; s__Bacillus sp. JCM 19041
1085624.GCA_001308105_04050	r__Root; d__Bacteria; p__Bacteroidota; c__Cytophagia; o__Cytophagales; f__Persicobacteraceae; g__Persicobacter; s__Persicobacter sp. JZB09
1460642.GCA_001310415_02348	r__Root; d__Bacteria; p__Pseudomonadota; c__Gammaproteobacteria; o__Vibrionales; f__Vibrionaceae; g__Enterovibrio; s__Enterovibrio sp. JCM 19048
1460644.GCA_001310455_02937	r__Root; d__Bacteria; p__Pseudomonadota; c__Gammaproteobacteria; o__Vibrionales; f__Vibrionaceae; g__Photobacterium; s__Photobacterium sp. JCM 19050
1461259.GCA_001273855_01205	r__Root; d__Bacteria; p__Actinomycetota; c__Actinomycetes; o__Micrococcales; f__Microbacteriaceae; g__Leucobacter; s__Leucobacter japonicus
1461259.GCA_001273855_03164	r__Root; d__Bacteria; p__Actinomycetota; c__Actinomycetes; o__Micrococcales; f__Microbacteriaceae; g__Leucobacter; s__Leucobacter japonicus
1463825.GCA_000716595_05497	r__Root; d__Bacteria; p__Actinomycetota; c__Actinomycetes; o__Pseudonocardiales; f__Pseudonocardiaceae; g__Saccharothrix; s__Saccharothrix sp. NRRL B-16314
1469245.GCA_000583135_02604	r__Root; d__Bacteria; p__Pseudomonadota; c__Gammaproteobacteria; o__Chromatiales; f__Ectothiorhodospiraceae; g__Thioalkalivibrio; s__Thioalkalivibrio sp. HK1
1471202.GCA_001039575_02192	r__Root; d__Bacteria; p__Pseudomonadota; c__Gammaproteobacteria; o__Oceanospirillales; f__Halomonadaceae; g__Halomonas; s__Halomonas sp. PR-M31
1472378.AU381_20530	r__Root; d__Bacteria; p__Pseudomonadota; c__Alphaproteobacteria; o__Hyphomicrobiales; f__Rhizobiaceae; g__Sinorhizobium; s__Sinorhizobium glycinis
1477105.GCA_001659685_00158	r__Root; d__Bacteria; p__Bacteroidota; c__Bacteroidia; o__Marinilabiliales; f__Marinilabiliaceae; g__Labilibacter; s__Labilibacter marinus
1481929.GCA_001310655_05423	r__Root; d__Bacteria; p__Bacillota; c__Bacilli; o__Bacillales; f__Bacillaceae; g__Bacillus; s__Bacillus sp. JCM 19059
1088868.CIN_03730	r__Root; d__Bacteria; p__Pseudomonadota; c__Alphaproteobacteria; o__Acetobacterales; f__Acetobacteraceae; g__Commensalibacter; s__Commensalibacter intestini
1484157.PSNIH2_16220	r__Root; d__Bacteria; p__Pseudomonadota; c__Gammaproteobacteria; o__Enterobacterales; f__Erwiniaceae; g__Pantoea; s__Pantoea sp. PSNIH2
1484693.RS694_03560	r__Root; d__Bacteria; p__Pseudomonadota; c__Betaproteobacteria; o__Burkholderiales; f__Comamonadaceae; g__Rhodoferax; s__Rhodoferax saidenbachensis
148814.APS55_04690	r__Root; d__Bacteria; p__Bacillota; c__Bacilli; o__Lactobacillales; f__Lactobacillaceae; g__Apilactobacillus; s__Apilactobacillus kunkeei
1494590.ATN84_16745	r__Root; d__Bacteria; p__Pseudomonadota; c__Alphaproteobacteria; o__Hyphomicrobiales; f__Phyllobacteriaceae; g__Paramesorhizobium; s__Paramesorhizobium deserti
1497679.EP56_03170	r__Root; d__Bacteria; p__Bacillota; c__Bacilli; o__Bacillales; f__Listeriaceae
1497679.EP56_16020	r__Root; d__Bacteria; p__Bacillota; c__Bacilli; o__Bacillales; f__Listeriaceae
1500261.GCA_000799305_02891	r__Root; d__Bacteria; p__Pseudomonadota; c__Betaproteobacteria; o__Burkholderiales; f__Sphaerotilaceae; g__Methylibium; s__Methylibium sp. CF059
1500261.GCA_000799305_05447	r__Root; d__Bacteria; p__Pseudomonadota; c__Betaproteobacteria; o__Burkholderiales; f__Sphaerotilaceae; g__Methylibium; s__Methylibium sp. CF059
1500262.GCA_000799605_00416	r__Root; d__Bacteria; p__Pseudomonadota; c__Betaproteobacteria; o__Burkholderiales; f__Sphaerotilaceae; g__Methylibium; s__Methylibium sp. CF468
1500264.SAMN02787076_04381	r__Root; d__Bacteria; p__Pseudomonadota; c__Betaproteobacteria; o__Burkholderiales
108981.AsACE_CH00770	r__Root; d__Bacteria; p__Pseudomonadota; c__Gammaproteobacteria; o__Moraxellales; f__Moraxellaceae; g__Acinetobacter; s__Acinetobacter schindleri
1500280.GCA_000799285_03371	r__Root; d__Bacteria; p__Actinomycetota; c__Actinomycetes; o__Micrococcales; f__Microbacteriaceae; g__Herbiconiux; s__Herbiconiux sp. YR403
1500301.GCA_000744565_05891	r__Root; d__Bacteria; p__Pseudomonadota; c__Alphaproteobacteria; o__Hyphomicrobiales; f__Rhizobiaceae; g__Rhizobium; s__Rhizobium sp. CF097
150033.RV14_GL000092	r__Root; d__Bacteria; p__Bacillota; c__Bacilli; o__Lactobacillales; f__Enterococcaceae; g__Enterococcus; s__Enterococcus ratti
1500894.GCA_000745265_03075	r__Root; d__Bacteria; p__Pseudomonadota; c__Betaproteobacteria; o__Burkholderiales; f__Oxalobacteraceae; g__Massilia; s__Massilia sp. 9096
1500895.GCA_000745075_03322	r__Root; d__Bacteria; p__Pseudomonadota; c__Gammaproteobacteria; o__Enterobacterales; f__Erwiniaceae; g__Erwinia; s__Erwinia sp. 9145
1500960.CAQ16704_1518	r__Root; d__Bacteria; p__Campylobacterota; c__Epsilonproteobacteria; o__Campylobacterales; f__Campylobacteraceae; g__Campylobacter; s__Campylobacter sp. RM16704
1502770.GCA_000744605_01804	r__Root; d__Bacteria; p__Pseudomonadota; c__Betaproteobacteria; o__Nitrosomonadales; f__Methylophilaceae; g__Methylotenera; s__Methylotenera sp. L2L1
1502852.FG94_03975	r__Root; d__Bacteria; p__Pseudomonadota; c__Betaproteobacteria; o__Burkholderiales; f__Oxalobacteraceae; g__Massilia; s__Massilia sp. LC238
1503961.SAMN05421736_10616	r__Root; d__Bacteria; p__Bacillota; c__Bacilli; o__Bacillales; f__Bacillaceae; g__Evansella; s__Evansella caseinilytica
1505087.AYJ54_10930	r__Root; d__Bacteria; p__Pseudomonadota; c__Alphaproteobacteria; o__Hyphomicrobiales; f__Nitrobacteraceae; g__Bradyrhizobium; s__Bradyrhizobium centrolobii
1091494.MEALZ_3450	r__Root; d__Bacteria; p__Pseudomonadota; c__Gammaproteobacteria; o__Methylococcales; f__Methylococcaceae; g__Methylotuvimicrobium; s__Methylotuvimicrobium alcaliphilum
1505725.GA0061074_103105	r__Root; d__Bacteria; p__Bacillota; c__Bacilli; o__Lactobacillales; f__Lactobacillaceae; g__Weissella; s__Weissella bombi
1505757.GCA_000696575_00475	r__Root; d__Bacteria; p__Pseudomonadota; c__Gammaproteobacteria; o__Enterobacterales; f__Enterobacteriaceae; g__Siccibacter; s__Siccibacter colletis
1505946.MPLSOD_330042	r__Root; d__Bacteria; p__Pseudomonadota; c__Alphaproteobacteria; o__Hyphomicrobiales; f__Phyllobacteriaceae; g__Mesorhizobium; s__Mesorhizobium sp. SOD10
1509403.GW12_13300	r__Root; d__Bacteria; p__Pseudomonadota; c__Gammaproteobacteria; o__Moraxellales; f__Moraxellaceae; g__Acinetobacter; s__Acinetobacter sp. HR7
1513793.SAMN06296036_11012	r__Root; d__Bacteria; p__Bdellovibrionota; c__Oligoflexia; o__Oligoflexales; f__Pseudobacteriovoracaceae; g__Pseudobacteriovorax; s__Pseudobacteriovorax antillogorgiicola
1513793.SAMN06296036_14211	r__Root; d__Bacteria; p__Bdellovibrionota; c__Oligoflexia; o__Oligoflexales; f__Pseudobacteriovoracaceae; g__Pseudobacteriovorax; s__Pseudobacteriovorax antillogorgiicola
1516104.GCA_002128405_02446	r__Root; d__Bacteria; p__Bacillota; c__Bacilli; o__Bacillales; f__Bacillaceae; g__Gottfriedia; s__Gottfriedia solisilvae
152268.A6K24_11255	r__Root; d__Bacteria; p__Bacillota; c__Bacilli; o__Bacillales; f__Bacillaceae; g__Metabacillus; s__Metabacillus litoralis
152331.FAM21731_00389	r__Root; d__Bacteria; p__Bacillota; c__Bacilli; o__Lactobacillales; f__Lactobacillaceae; g__Lentilactobacillus; s__Lentilactobacillus parabuchneri
1523424.IP80_09300	r__Root; d__Bacteria; p__Pseudomonadota; c__Betaproteobacteria
1004156.AYP45_14060	r__Root; d__Bacteria; p__Planctomycetota; c__Candidatus Brocadiia; o__Candidatus Brocadiales; f__Candidatus Brocadiaceae; g__Candidatus Brocadia; s__Candidatus Brocadia carolinensis
1091494.MEALZ_3452	r__Root; d__Bacteria; p__Pseudomonadota; c__Gammaproteobacteria; o__Methylococcales; f__Methylococcaceae; g__Methylotuvimicrobium; s__Methylotuvimicrobium alcaliphilum
1523428.IP84_11740	r__Root; d__Bacteria; p__Pseudomonadota; c__Betaproteobacteria
1523430.IP86_22055	r__Root; d__Bacteria; p__Pseudomonadota; c__Alphaproteobacteria; o__Hyphomicrobiales; f__Nitrobacteraceae; g__Rhodopseudomonas; s__Rhodopseudomonas sp. AAP120
1523430.IP86_24555	r__Root; d__Bacteria; p__Pseudomonadota; c__Alphaproteobacteria; o__Hyphomicrobiales; f__Nitrobacteraceae; g__Rhodopseudomonas; s__Rhodopseudomonas sp. AAP120
1523432.IP88_05520	r__Root; d__Bacteria; p__Pseudomonadota; c__Alphaproteobacteria
1524467.IV04_10410	r__Root; d__Bacteria; p__Pseudomonadota; c__Gammaproteobacteria; o__Enterobacterales; f__Yersiniaceae; g__Serratia; s__Serratia sp. Ag1
1536772.R70723_08570	r__Root; d__Bacteria; p__Bacillota; c__Bacilli; o__Bacillales; f__Paenibacillaceae; g__Paenibacillus; s__Paenibacillus sp. FSL R7-0273
1536773.R70331_08520	r__Root; d__Bacteria; p__Bacillota; c__Bacilli; o__Bacillales; f__Paenibacillaceae; g__Paenibacillus; s__Paenibacillus sp. FSL R7-0331
1536774.H70357_08505	r__Root; d__Bacteria; p__Bacillota; c__Bacilli; o__Bacillales; f__Paenibacillaceae; g__Paenibacillus; s__Paenibacillus sp. FSL H7-0357
1537917.JU82_02010	r__Root; d__Bacteria; p__Campylobacterota; c__Epsilonproteobacteria; o__Campylobacterales; f__Sulfurimonadaceae; g__Sulfuricurvum; s__Sulfuricurvum sp. MLSB
1538553.JT25_016345	r__Root; d__Bacteria; p__Pseudomonadota; c__Gammaproteobacteria; o__Methylococcales; f__Methylococcaceae; g__Methylomonas; s__Methylomonas denitrificans
1100719.GCA_001269365_01538	r__Root; d__Bacteria; p__Pseudomonadota; c__Betaproteobacteria; o__Burkholderiales; f__Comamonadaceae; g__Limnohabitans; s__Limnohabitans sp. Rim11
1539065.KU38_02035	r__Root; d__Bacteria; p__Campylobacterota; c__Epsilonproteobacteria; o__Campylobacterales; f__Sulfurovaceae; g__Sulfurovum; s__Sulfurovum sp. FS08-3
1539066.KU37_00785	r__Root; d__Bacteria; p__Campylobacterota; c__Epsilonproteobacteria; o__Campylobacterales; f__Sulfurimonadaceae; g__Sulfuricurvum; s__Sulfuricurvum sp. PC08-66
153948.NAL212_1475	r__Root; d__Bacteria; p__Pseudomonadota; c__Betaproteobacteria; o__Nitrosomonadales; f__Nitrosomonadaceae; g__Nitrosomonas; s__Nitrosomonas sp. AL212
1541065.GCA_000756305_00134	r__Root; d__Bacteria; p__Cyanobacteriota; c__Cyanophyceae; o__Pleurocapsales; f__Hyellaceae; g__Myxosarcina; s__Myxosarcina sp. GI1
1541065.GCA_000756305_00282	r__Root; d__Bacteria; p__Cyanobacteriota; c__Cyanophyceae; o__Pleurocapsales; f__Hyellaceae; g__Myxosarcina; s__Myxosarcina sp. GI1
154621.RV11_GL000487	r__Root; d__Bacteria; p__Bacillota; c__Bacilli; o__Lactobacillales; f__Enterococcaceae; g__Enterococcus; s__Enterococcus phoeniculicola
1547445.LO80_01210	r__Root
1547922.ISF6_2944	r__Root; d__Bacteria; p__Pseudomonadota; c__Betaproteobacteria; o__Burkholderiales; f__Sphaerotilaceae; g__Piscinibacter; s__Piscinibacter sakaiensis
1548018.LS64_05835	r__Root; d__Bacteria; p__Campylobacterota; c__Epsilonproteobacteria; o__Campylobacterales; f__Helicobacteraceae; g__Helicobacter; s__Helicobacter saguini
1548018.LS64_13895	r__Root; d__Bacteria; p__Campylobacterota; c__Epsilonproteobacteria; o__Campylobacterales; f__Helicobacteraceae; g__Helicobacter; s__Helicobacter saguini
1101195.Meth11DRAFT_1983	r__Root; d__Bacteria; p__Pseudomonadota; c__Betaproteobacteria; o__Nitrosomonadales; f__Methylophilaceae
1549812.JN27_16770	r__Root; d__Bacteria; p__Pseudomonadota; c__Betaproteobacteria; o__Burkholderiales; f__Oxalobacteraceae; g__Massilia; s__Massilia sp. BSC265
1552123.EP57_02830	r__Root; d__Bacteria; p__Bacillota; c__Bacilli; o__Bacillales; f__Listeriaceae; g__Listeria; s__Listeria booriae
1552123.EP57_04915	r__Root; d__Bacteria; p__Bacillota; c__Bacilli; o__Bacillales; f__Listeriaceae; g__Listeria; s__Listeria booriae
1552123.EP57_04965	r__Root; d__Bacteria; p__Bacillota; c__Bacilli; o__Bacillales; f__Listeriaceae; g__Listeria; s__Listeria booriae
1552123.EP57_10520	r__Root; d__Bacteria; p__Bacillota; c__Bacilli; o__Bacillales; f__Listeriaceae; g__Listeria; s__Listeria booriae
1552123.EP57_12290	r__Root; d__Bacteria; p__Bacillota; c__Bacilli; o__Bacillales; f__Listeriaceae; g__Listeria; s__Listeria booriae
1552123.EP57_14260	r__Root; d__Bacteria; p__Bacillota; c__Bacilli; o__Bacillales; f__Listeriaceae; g__Listeria; s__Listeria booriae
1552123.EP57_16080	r__Root; d__Bacteria; p__Bacillota; c__Bacilli; o__Bacillales; f__Listeriaceae; g__Listeria; s__Listeria booriae
155617.RV09_GL000185	r__Root; d__Bacteria; p__Bacillota; c__Bacilli; o__Lactobacillales; f__Enterococcaceae; g__Enterococcus; s__Enterococcus moraviensis
155617.RV09_GL000415	r__Root; d__Bacteria; p__Bacillota; c__Bacilli; o__Lactobacillales; f__Enterococcaceae; g__Enterococcus; s__Enterococcus moraviensis
1104566.GCA_000406005_02199	r__Root; d__Bacteria; p__Candidatus Poribacteria
155618.RV06_GL001338	r__Root; d__Bacteria; p__Bacillota; c__Bacilli; o__Lactobacillales; f__Enterococcaceae; g__Enterococcus; s__Enterococcus haemoperoxidus
155618.RV06_GL002930	r__Root; d__Bacteria; p__Bacillota; c__Bacilli; o__Lactobacillales; f__Enterococcaceae; g__Enterococcus; s__Enterococcus haemoperoxidus
1560354.GCA_001485295_01915	r__Root; d__Bacteria; p__Pseudomonadota; c__Gammaproteobacteria; o__Enterobacterales; f__Enterobacteriaceae
1564681.NY10_620	r__Root; d__Bacteria; p__Bacillota; c__Bacilli; o__Lactobacillales; f__Carnobacteriaceae; g__Carnobacterium; s__Carnobacterium sp. CP1
1566271.SAMN03159339_3296	r__Root; d__Bacteria; p__Pseudomonadota; c__Betaproteobacteria; o__Burkholderiales; f__Comamonadaceae; g__Variovorax; s__Variovorax sp. 770b2
1567107.GCA_000971965_03321	r__Root; d__Bacteria; p__Bacillota; c__Bacilli; o__Bacillales; f__Paenibacillaceae; g__Paenibacillus; s__Paenibacillus wulumuqiensis
1570137.GCA_001663775_02531	r__Root; d__Bacteria; p__Actinomycetota; c__Actinomycetes; o__Micrococcales; f__Micrococcaceae; g__Arthrobacter; s__Arthrobacter sp. B6
157076.SAMN04488525_103331	r__Root; d__Bacteria; p__Bacillota; c__Bacilli; o__Lactobacillales; f__Carnobacteriaceae; g__Trichococcus; s__Trichococcus collinsii
157463.GCA_001047075_00025	r__Root; d__Bacteria; p__Bacillota; c__Bacilli; o__Lactobacillales; f__Lactobacillaceae; g__Fructobacillus; s__Fructobacillus ficulneus
1577687.GCA_001449115_02336	r__Root; d__Bacteria; p__Acidobacteriota; c__Terriglobia; o__Terriglobales; f__Acidobacteriaceae; g__Terracidiphilus; s__Terracidiphilus gabretensis
1109412.BN1221_01207	r__Root; d__Bacteria; p__Pseudomonadota; c__Gammaproteobacteria; o__Enterobacterales; f__Pectobacteriaceae; g__Brenneria; s__Brenneria goodwinii
1578720.HAL011_12950	r__Root; d__Bacteria; p__Campylobacterota; c__Epsilonproteobacteria; o__Campylobacterales; f__Helicobacteraceae; g__Helicobacter; s__Helicobacter ailurogastricus
1582.AAW28_10525	r__Root; d__Bacteria; p__Bacillota; c__Bacilli; o__Lactobacillales; f__Lactobacillaceae; g__Lacticaseibacillus; s__Lacticaseibacillus casei
1583.IV69_GL001104	r__Root; d__Bacteria; p__Bacillota; c__Bacilli; o__Lactobacillales; f__Lactobacillaceae; g__Weissella; s__Weissella confusa
1586267.GCA_001418685_01622	r__Root; d__Bacteria; p__Bacteroidota; c__Flavobacteriia; o__Flavobacteriales; f__Weeksellaceae; g__Apibacter; s__Apibacter mensalis
1586287.BBK82_44500	r__Root; d__Bacteria; p__Actinomycetota; c__Actinomycetes; o__Pseudonocardiales; f__Pseudonocardiaceae; g__Lentzea; s__Lentzea guizhouensis
1589.GCA_001188985_02684	r__Root; d__Bacteria; p__Bacillota; c__Bacilli; o__Lactobacillales; f__Lactobacillaceae; g__Lactiplantibacillus; s__Lactiplantibacillus pentosus
159087.Daro_3922	r__Root; d__Bacteria; p__Pseudomonadota; c__Betaproteobacteria; o__Rhodocyclales; f__Azonexaceae; g__Dechloromonas; s__Dechloromonas aromatica (nom. nud.)
1601.GCA_001243975_01812	r__Root; d__Bacteria; p__Bacillota; c__Bacilli; o__Lactobacillales; f__Lactobacillaceae; g__Ligilactobacillus; s__Ligilactobacillus agilis
1603299.GCA_900068895_04128	r__Root; d__Bacteria; p__Pseudomonadota; c__Gammaproteobacteria; o__Enterobacterales; f__Erwiniaceae; g__Erwinia; s__Erwinia sp. ErVv1
160453.RV02_GL002713	r__Root; d__Bacteria; p__Bacillota; c__Bacilli; o__Lactobacillales; f__Enterococcaceae; g__Enterococcus; s__Enterococcus gilvus
1112273.GCA_000374225_01778	r__Root; d__Bacteria; p__Pseudomonadota; c__Betaproteobacteria; o__Nitrosomonadales; f__Methylophilaceae; g__Methylophilus; s__Methylophilus sp. 1
160454.RV10_GL001755	r__Root; d__Bacteria; p__Bacillota; c__Bacilli; o__Lactobacillales; f__Enterococcaceae; g__Enterococcus; s__Enterococcus pallens
1605367.AFM12_02355	r__Root; d__Bacteria; p__Bacteroidota; c__Cytophagia; o__Cytophagales; f__Leadbetterellaceae; g__Jiulongibacter; s__Jiulongibacter sediminis
1612149.SAMN05216324_102219	r__Root; d__Bacteria; p__Bacteroidota; c__Flavobacteriia; o__Flavobacteriales; f__Weeksellaceae; g__Chryseobacterium; s__Chryseobacterium limigenitum
1612308.SAMN05444581_105222	r__Root; d__Bacteria; p__Pseudomonadota; c__Alphaproteobacteria; o__Hyphomicrobiales; f__Beijerinckiaceae; g__Methylocapsa; s__Methylocapsa palsarum
1613.GCA_002119645_01413	r__Root; d__Bacteria; p__Bacillota; c__Bacilli; o__Lactobacillales; f__Lactobacillaceae; g__Limosilactobacillus; s__Limosilactobacillus fermentum
1616788.AR543_09515	r__Root; d__Bacteria; p__Bacillota; c__Bacilli; o__Bacillales; f__Paenibacillaceae; g__Paenibacillus; s__Paenibacillus bovis
1617410.UZ03_NOB001002312	r__Root; d__Bacteria; p__Nitrospirota; c__Nitrospiria; o__Nitrospirales; f__Nitrospiraceae; g__Nitrospira; s__Nitrospira sp. OLB3
1618.IV36_GL001507	r__Root; d__Bacteria; p__Bacillota; c__Bacilli; o__Lactobacillales; f__Lactobacillaceae; g__Liquorilactobacillus; s__Liquorilactobacillus mali
1619313.EM595_0415	r__Root; d__Bacteria; p__Pseudomonadota; c__Gammaproteobacteria; o__Enterobacterales; f__Erwiniaceae; g__Duffyella; s__Duffyella gerundensis
1620.IV67_GL000822	r__Root; d__Bacteria; p__Bacillota; c__Bacilli; o__Lactobacillales; f__Lactobacillaceae; g__Weissella; s__Weissella minor
1112274.GCA_000515275_01885	r__Root; d__Bacteria; p__Pseudomonadota; c__Betaproteobacteria; o__Nitrosomonadales; f__Methylophilaceae; g__Methylophilus; s__Methylophilus sp. 5
1621259.GCA_001590865_01012	r__Root; d__Bacteria; p__Actinomycetota; c__Actinomycetes; o__Kitasatosporales; f__Streptomycetaceae; g__Streptomyces; s__Streptomyces sp. NBRC 110611
1628833.UB23_13145	r__Root; d__Bacteria; p__Pseudomonadota; c__Gammaproteobacteria; o__Pseudomonadales; f__Pseudomonadaceae; g__Pseudomonas; s__Pseudomonas sp. ES3-33
1628855.WB66_07640	r__Root; d__Bacteria; p__Pseudomonadota; c__Gammaproteobacteria; o__Enterobacterales; f__Erwiniaceae
1629.IV50_GL001029	r__Root; d__Bacteria; p__Bacillota; c__Bacilli; o__Lactobacillales; f__Lactobacillaceae; g__Weissella; s__Weissella viridescens
1629720.VR75_11195	r__Root; d__Bacteria; p__Pseudomonadota; c__Alphaproteobacteria; o__Hyphomonadales; f__Hyphomonadaceae
1630136.AS592_03055	r__Root; d__Bacteria; p__Campylobacterota; c__Epsilonproteobacteria; o__Campylobacterales; f__Sulfurovaceae; g__Sulfurovum; s__Sulfurovum riftiae
1631.GCA_001047095_01118	r__Root; d__Bacteria; p__Bacillota; c__Bacilli; o__Lactobacillales; f__Lactobacillaceae; g__Fructobacillus; s__Fructobacillus fructosus
1631871.FOL01_1431	r__Root; d__Bacteria; p__Bacillota; c__Bacilli; o__Lactobacillales; f__Lactobacillaceae; g__Weissella; s__Weissella jogaejeotgali
1632864.VT03_22345	r__Root; d__Bacteria; p__Planctomycetota; c__Planctomycetia; o__Planctomycetales; f__Planctomycetaceae; g__Planctomyces; s__Planctomyces sp. SH-PL14
1634516.WG74_10280	r__Root; d__Bacteria; p__Pseudomonadota; c__Alphaproteobacteria; o__Sphingomonadales; f__Sphingomonadaceae; g__Citromicrobium; s__Citromicrobium sp. JL477
1116391.PM3016_6530	r__Root; d__Bacteria; p__Bacillota; c__Bacilli; o__Bacillales; f__Paenibacillaceae; g__Paenibacillus; s__Paenibacillus mucilaginosus
1635005.WH43_16900	r__Root; d__Bacteria; p__Pseudomonadota; c__Gammaproteobacteria; o__Chromatiales; f__Chromatiaceae; g__Rheinheimera; s__Rheinheimera sp. KL1
1637998.PA01_05490	r__Root; d__Bacteria; p__Pseudomonadota; c__Betaproteobacteria; o__Rhodocyclales; f__Zoogloeaceae; g__Azoarcus; s__Azoarcus sp. PA01
163908.GCA_000332135_03558	r__Root; d__Bacteria; p__Cyanobacteriota; c__Cyanophyceae; o__Nostocales; f__Nostocaceae; g__Anabaena; s__Anabaena sp. PCC 7108
1639348.WV31_03605	r__Root; d__Bacteria; p__Pseudomonadota; c__Alphaproteobacteria; o__Rhodospirillales; f__Rhodospirillaceae; g__Magnetospirillum; s__Magnetospirillum sp. ME-1
1640685.GCA_001050095_02624	r__Root; d__Bacteria; p__Bacillota; c__Bacilli; o__Lactobacillales; f__Enterococcaceae; g__Enterococcus; s__Enterococcus massiliensis
1642818.AWE51_09065	r__Root; d__Bacteria; p__Bacteroidota; c__Flavobacteriia; o__Flavobacteriales; f__Flavobacteriaceae; g__Aquimarina; s__Aquimarina aggregata
1642818.AWE51_09070	r__Root; d__Bacteria; p__Bacteroidota; c__Flavobacteriia; o__Flavobacteriales; f__Flavobacteriaceae; g__Aquimarina; s__Aquimarina aggregata
1644131.YQ44_02915	r__Root; d__Bacteria; p__Pseudomonadota; c__Betaproteobacteria; o__Burkholderiales; f__Oxalobacteraceae; g__Janthinobacterium; s__Janthinobacterium sp. 1_2014MBL_MicDiv
1647102.ZX61_19170	r__Root; d__Bacteria; p__Pseudomonadota; c__Gammaproteobacteria; o__Vibrionales; f__Vibrionaceae; g__Vibrio; s__Vibrio sp. VPAP30
1653480.gene_80943829	r__Root; d__Bacteria; p__Actinomycetota; c__Actinomycetes; o__Pseudonocardiales; f__Pseudonocardiaceae; g__Alloactinosynnema; s__Alloactinosynnema sp. L-07
1117707.VQ7734_01810	r__Root; d__Bacteria; p__Pseudomonadota; c__Gammaproteobacteria; o__Vibrionales; f__Vibrionaceae; g__Vibrio; s__Vibrio quintilis
1653480.gene_80944264	r__Root; d__Bacteria; p__Actinomycetota; c__Actinomycetes; o__Pseudonocardiales; f__Pseudonocardiaceae; g__Alloactinosynnema; s__Alloactinosynnema sp. L-07
1653480.gene_80951148	r__Root; d__Bacteria; p__Actinomycetota; c__Actinomycetes; o__Pseudonocardiales; f__Pseudonocardiaceae; g__Alloactinosynnema; s__Alloactinosynnema sp. L-07
1654360.EA58_01585	r__Root; d__Bacteria; p__Pseudomonadota; c__Gammaproteobacteria; o__Vibrionales; f__Vibrionaceae; g__Photobacterium; s__Photobacterium galatheae
1658518.NSND_60483	r__Root; d__Bacteria; p__Nitrospirota; c__Nitrospiria; o__Nitrospirales; f__Nitrospiraceae; g__Nitrospira; s__Nitrospira sp. ND1
1658665.ABE85_08870	r__Root; d__Bacteria; p__Pseudomonadota; c__Betaproteobacteria; o__Burkholderiales; f__Sphaerotilaceae; g__Roseateles; s__Mitsuaria sp. 7
1658665.ABE85_16650	r__Root; d__Bacteria; p__Pseudomonadota; c__Betaproteobacteria; o__Burkholderiales; f__Sphaerotilaceae; g__Roseateles; s__Mitsuaria sp. 7
1658665.ABE85_18465	r__Root; d__Bacteria; p__Pseudomonadota; c__Betaproteobacteria; o__Burkholderiales; f__Sphaerotilaceae; g__Roseateles; s__Mitsuaria sp. 7
1660064.CIGN_0076	r__Root
1660073.CSUIS_0136	r__Root; d__Bacteria; p__Campylobacterota; c__Epsilonproteobacteria; o__Campylobacterales; f__Campylobacteraceae; g__Campylobacter; s__Campylobacter porcelli
1660138.ABS84_11380	r__Root; d__Bacteria; p__Pseudomonadota; c__Betaproteobacteria; o__Burkholderiales; f__Sphaerotilaceae; g__Rubrivivax; s__Rubrivivax sp. SCN 71-131
111781.Lepto7376_4264	r__Root; d__Bacteria; p__Cyanobacteriota; c__Cyanophyceae; o__Chroococcales; f__Geminocystaceae; g__Picosynechococcus; s__[Leptolyngbya] sp. PCC 7376
1662188.GCA_001044195_01965	r__Root; d__Bacteria; p__Pseudomonadota; c__Gammaproteobacteria; o__Thiotrichales; f__Thiotrichaceae; g__Achromatium; s__Candidatus Achromatium palustre
1662285.ACJ67_04285	r__Root; d__Bacteria; p__Pseudomonadota; c__Betaproteobacteria; o__Nitrosomonadales; f__Methylophilaceae; g__Methylophilus; s__Methylophilus sp. TWE2
1662421.GCA_001550065_00727	r__Root; d__Bacteria; p__Pseudomonadota; c__Alphaproteobacteria; o__Kordiimonadales; f__Kordiimonadaceae; g__Kordiimonas; s__Kordiimonas lipolytica
1662421.GCA_001550065_01267	r__Root; d__Bacteria; p__Pseudomonadota; c__Alphaproteobacteria; o__Kordiimonadales; f__Kordiimonadaceae; g__Kordiimonas; s__Kordiimonas lipolytica
1663591.XM1_0239	r__Root; d__Bacteria; p__Pseudomonadota; c__Alphaproteobacteria; o__Rhodospirillales; f__Rhodospirillaceae; g__Magnetospirillum; s__Magnetospirillum sp. XM-1
1666911.HLUCCA11_01560	r__Root; d__Bacteria; p__Cyanobacteriota; c__Cyanophyceae; o__Leptolyngbyales; f__Leptolyngbyaceae; g__Phormidesmis; s__Phormidesmis priestleyi
1670446.GCA_001039045_00513	r__Root; d__Bacteria; p__Bacillota; c__Bacilli; o__Lactobacillales; f__Lactobacillaceae; g__Lactiplantibacillus; s__Lactiplantibacillus herbarum
1676617.AC240_22150	r__Root; d__Bacteria; p__Pseudomonadota; c__Betaproteobacteria; o__Burkholderiales; f__Burkholderiaceae; g__Ralstonia; s__Ralstonia sp. MD27
1677920.LS71_05285	r__Root; d__Bacteria; p__Campylobacterota; c__Epsilonproteobacteria; o__Campylobacterales; f__Helicobacteraceae; g__Helicobacter; s__Helicobacter jaachi
1678028.ACZ75_04640	r__Root; d__Bacteria; p__Pseudomonadota; c__Betaproteobacteria; o__Burkholderiales; f__Oxalobacteraceae; g__Massilia; s__Massilia sp. NR 4-1
1005944.SAMN05192576_2412	r__Root; d__Bacteria; p__Actinomycetota; c__Actinomycetes; o__Propionibacteriales; f__Nocardioidaceae; g__Nocardioides; s__Nocardioides szechwanensis
1119528.GCA_000527135_02680	r__Root; d__Bacteria; p__Pseudomonadota; c__Betaproteobacteria; o__Nitrosomonadales; f__Sterolibacteriaceae; g__Methyloversatilis; s__Methyloversatilis discipulorum
1678028.ACZ75_23325	r__Root; d__Bacteria; p__Pseudomonadota; c__Betaproteobacteria; o__Burkholderiales; f__Oxalobacteraceae; g__Massilia; s__Massilia sp. NR 4-1
1678129.L103DPR2_00518	r__Root; d__Bacteria; p__Pseudomonadota; c__Betaproteobacteria; o__Burkholderiales; f__Comamonadaceae; g__Limnohabitans; s__Limnohabitans sp. 103DPR2
1679170.AC625_09120	r__Root; d__Bacteria; p__Bacillota; c__Bacilli; o__Bacillales; f__Bacillaceae; g__Peribacillus; s__Peribacillus loiseleuriae
1681196.AC791_17355	r__Root; d__Bacteria; p__Pseudomonadota; c__Gammaproteobacteria; o__Enterobacterales; f__Enterobacteriaceae; g__Klebsiella; s__Klebsiella sp. RIT-PI-d
1684144.GCA_001273955_00243	r__Root; d__Bacteria; p__Bacillota; c__Bacilli; o__Bacillales; f__Bacillaceae; g__Bacillus; s__Bacillus sp. FJAT-27245
1685010.A0O34_06850	r__Root; d__Bacteria; p__Bacteroidota; c__Flavobacteriia; o__Flavobacteriales; f__Weeksellaceae; g__Chryseobacterium; s__Chryseobacterium glaciei
1685380.AVO41_04305	r__Root; d__Bacteria; p__Pseudomonadota; c__Gammaproteobacteria; o__Thiotrichales; f__Piscirickettsiaceae; g__Thiomicrospira; s__Thiomicrospira sp. WB1
1686064.AD742_08195	r__Root; d__Bacteria; p__Pseudomonadota; c__Betaproteobacteria; o__Burkholderiales; f__Sphaerotilaceae; g__Methylibium; s__Methylibium sp. NZG
1690244.AEQ18_03355	r__Root; d__Bacteria; p__Bacillota; c__Bacilli; o__Lactobacillales; f__Enterococcaceae; g__Enterococcus; s__Enterococcus sp. RIT-PI-f
1690484.AEM38_08945	r__Root; d__Bacteria; p__Pseudomonadota; c__Alphaproteobacteria; o__Hyphomonadales; f__Hyphomonadaceae
1120931.GCA_000374285_02338	r__Root; d__Bacteria; p__Pseudomonadota; c__Gammaproteobacteria; o__Pasteurellales; f__Pasteurellaceae; g__Actinobacillus; s__Actinobacillus capsulatus
1691980.GCA_001307855_02718	r__Root; d__Bacteria; p__Pseudomonadota; c__Betaproteobacteria; o__Rhodocyclales; f__Rhodocyclaceae
1699310.GCA_001269805_03648	r__Root; d__Bacteria; p__Pseudomonadota; c__Gammaproteobacteria; o__Pseudomonadales; f__Pseudomonadaceae; g__Pseudomonas; s__Pseudomonas sp. P1.8
1699624.AK825_05780	r__Root; d__Bacteria; p__Pseudomonadota; c__Gammaproteobacteria; o__Moraxellales; f__Moraxellaceae; g__Psychrobacter; s__Psychrobacter sp. P11G5
169963.gene_17593462	r__Root; d__Bacteria; p__Bacillota; c__Bacilli; o__Bacillales; f__Listeriaceae; g__Listeria; s__Listeria monocytogenes
1702325.AL346_12615	r__Root; d__Bacteria; p__Pseudomonadota; c__Alphaproteobacteria; o__Hyphomicrobiales; f__Chelatococcaceae; g__Chelatococcus; s__Chelatococcus sp. CO-6
1705388.AM228_06315	r__Root; d__Bacteria; p__Cyanobacteriota; c__Cyanophyceae; o__Oscillatoriales; f__Oscillatoriaceae; g__Planktothricoides; s__Planktothricoides sp. SR001
170623.SAMN04244579_01504	r__Root; d__Bacteria; p__Pseudomonadota; c__Gammaproteobacteria; o__Pseudomonadales; f__Pseudomonadaceae; g__Azotobacter; s__Azotobacter beijerinckii
1706231.BN3177_14329	r__Root; d__Bacteria; p__Pseudomonadota; c__Betaproteobacteria; o__Burkholderiales; f__Oxalobacteraceae; g__Janthinobacterium; s__Janthinobacterium sp. CG23_2
1706231.BN3177_6055	r__Root; d__Bacteria; p__Pseudomonadota; c__Betaproteobacteria; o__Burkholderiales; f__Oxalobacteraceae; g__Janthinobacterium; s__Janthinobacterium sp. CG23_2
170651.TW84_19545	r__Root; d__Bacteria; p__Pseudomonadota; c__Gammaproteobacteria; o__Vibrionales; f__Vibrionaceae; g__Vibrio; s__Vibrio neptunius
1120956.GCA_000688515_02576	r__Root; d__Bacteria; p__Pseudomonadota; c__Alphaproteobacteria; o__Hyphomicrobiales; f__Afifellaceae; g__Afifella; s__Afifella pfennigii
1707785.AM586_24045	r__Root; d__Bacteria; p__Pseudomonadota; c__Betaproteobacteria; o__Burkholderiales; f__Oxalobacteraceae; g__Massilia; s__Massilia sp. WG5
1708715.GCA_000510685_02081	r__Root; d__Bacteria; p__Pseudomonadota; c__Alphaproteobacteria; o__Hyphomicrobiales; f__Rhizobiaceae; g__Ensifer; s__Ensifer aridi
1712378.AN641_00090	r__Root
1712378.AN641_09540	r__Root
1713.GCA_000718325_02198	r__Root; d__Bacteria; p__Actinomycetota; c__Actinomycetes; o__Micrococcales; f__Cellulomonadaceae; g__Oerskovia; s__Oerskovia turbata
171383.AKJ31_01780	r__Root; d__Bacteria; p__Pseudomonadota; c__Gammaproteobacteria; o__Vibrionales; f__Vibrionaceae; g__Vibrio; s__Vibrio hepatarius
1714016.BA724_00300	r__Root; d__Bacteria; p__Bacillota; c__Bacilli; o__Bacillales; f__Bacillaceae; g__Domibacillus; s__Domibacillus iocasae
1714264.BTO30_02085	r__Root; d__Bacteria; p__Bacillota; c__Bacilli; o__Bacillales; f__Bacillaceae; g__Domibacillus; s__Domibacillus antri
1714344.AO057_05995	r__Root; d__Bacteria; p__Pseudomonadota; c__Betaproteobacteria; o__Burkholderiales; f__Comamonadaceae; g__Curvibacter; s__Curvibacter sp. PAE-UM
1714355.BTO28_12790	r__Root; d__Bacteria; p__Bacillota; c__Bacilli; o__Bacillales; f__Bacillaceae; g__Domibacillus; s__Domibacillus epiphyticus
1120963.GCA_000374485_00748	r__Root; d__Bacteria; p__Pseudomonadota; c__Gammaproteobacteria; o__Alteromonadales; f__Pseudoalteromonadaceae; g__Algicola; s__Algicola sagamiensis
1715052.HMPREF2572_05255	r__Root; d__Bacteria; p__Pseudomonadota; c__Betaproteobacteria; o__Neisseriales; f__Neisseriaceae; g__Neisseria; s__Neisseria sp. HMSC064E01
1715989.NITINOP_0841	r__Root; d__Bacteria; p__Nitrospirota; c__Nitrospiria; o__Nitrospirales; f__Nitrospiraceae; g__Nitrospira; s__Candidatus Nitrospira inopinata
1716176.AOG28_13155	r__Root; d__Bacteria; p__Pseudomonadota; c__Gammaproteobacteria; o__Oceanospirillales; f__Halomonadaceae; g__Cobetia; s__Cobetia sp. UCD-24C
1720296.GCA_001486505_02367	r__Root; d__Bacteria; p__Bacillota; c__Bacilli; o__Bacillales; f__Paenibacillaceae; g__Paenibacillus; s__Paenibacillus rubinfantis
1720302.GCA_900018785_02143	r__Root; d__Bacteria; p__Pseudomonadota; c__Gammaproteobacteria; o__Lysobacterales; f__Lysobacteraceae; g__Xanthomonas; s__Xanthomonas massiliensis
1721091.ATE47_15120	r__Root; d__Bacteria; p__Bacteroidota; c__Flavobacteriia; o__Flavobacteriales; f__Weeksellaceae; g__Chryseobacterium; s__Chryseobacterium sp. IHB B 17019
1724.GCA_001044175_00916	r__Root; d__Bacteria; p__Actinomycetota; c__Actinomycetes; o__Mycobacteriales; f__Corynebacteriaceae; g__Corynebacterium; s__Corynebacterium renale
172713.GCA_001705305_05288	r__Root; d__Bacteria; p__Bacillota; c__Bacilli; o__Bacillales; f__Paenibacillaceae; g__Paenibacillus; s__Paenibacillus kribbensis
1729469.GCA_001564225_00151	r__Root; d__Bacteria; p__Bacteroidota; c__Flavobacteriia; o__Flavobacteriales; f__Flavobacteriaceae
1729469.GCA_001564225_00152	r__Root; d__Bacteria; p__Bacteroidota; c__Flavobacteriia; o__Flavobacteriales; f__Flavobacteriaceae
1120967.GCA_000429445_02896	r__Root; d__Bacteria; p__Bacteroidota; c__Cytophagia; o__Cytophagales; f__Cyclobacteriaceae; g__Algoriphagus; s__Algoriphagus terrigena
1732019.AO715_10285	r__Root; d__Bacteria; p__Pseudomonadota; c__Gammaproteobacteria; o__Lysobacterales; f__Lysobacteraceae; g__Xanthomonas; s__Xanthomonas sp. Mitacek01
1736237.ASF16_01220	r__Root; d__Bacteria; p__Pseudomonadota; c__Betaproteobacteria; o__Burkholderiales; f__Comamonadaceae; g__Acidovorax; s__Acidovorax sp. Leaf78
1736266.ASF61_11710	r__Root; d__Bacteria; p__Pseudomonadota; c__Betaproteobacteria; o__Burkholderiales; f__Oxalobacteraceae; g__Duganella; s__Duganella sp. Leaf126
1736270.ASF73_17550	r__Root; d__Bacteria; p__Pseudomonadota; c__Gammaproteobacteria; o__Lysobacterales; f__Lysobacteraceae; g__Xanthomonas; s__Xanthomonas sp. Leaf131
1736272.ASF77_18310	r__Root; d__Bacteria; p__Pseudomonadota; c__Betaproteobacteria; o__Burkholderiales; f__Oxalobacteraceae; g__Massilia; s__Massilia sp. Leaf139
1736275.ASF90_04980	r__Root; d__Bacteria; p__Pseudomonadota; c__Gammaproteobacteria; o__Lysobacterales; f__Lysobacteraceae; g__Xanthomonas; s__Xanthomonas sp. Leaf148
1736282.ASF82_07740	r__Root; d__Bacteria; p__Actinomycetota; c__Actinomycetes; o__Micrococcales; f__Microbacteriaceae; g__Frigoribacterium; s__Frigoribacterium sp. Leaf164
1736296.ASG27_08840	r__Root; d__Bacteria; p__Pseudomonadota; c__Betaproteobacteria; o__Burkholderiales; f__Comamonadaceae; g__Acidovorax; s__Acidovorax sp. Leaf191
1736315.ASF45_05085	r__Root; d__Bacteria; p__Pseudomonadota; c__Betaproteobacteria; o__Burkholderiales; f__Comamonadaceae; g__Pseudorhodoferax; s__Pseudorhodoferax sp. Leaf265
1736316.ASF43_26130	r__Root; d__Bacteria; p__Pseudomonadota; c__Betaproteobacteria; o__Burkholderiales; f__Comamonadaceae; g__Pseudorhodoferax; s__Pseudorhodoferax sp. Leaf267
1120999.GCA_000711875_00399	r__Root; d__Bacteria; p__Pseudomonadota; c__Betaproteobacteria; o__Neisseriales; f__Chitinibacteraceae; g__Andreprevotia; s__Andreprevotia chitinilytica
1736318.ASF44_12365	r__Root; d__Bacteria; p__Pseudomonadota; c__Betaproteobacteria; o__Burkholderiales; f__Comamonadaceae; g__Pseudorhodoferax; s__Pseudorhodoferax sp. Leaf274
1736354.ASG36_10680	r__Root; d__Bacteria; p__Actinomycetota; c__Actinomycetes; o__Geodermatophilales; f__Geodermatophilaceae; g__Geodermatophilus; s__Geodermatophilus sp. Leaf369
1736371.ASG24_03585	r__Root; d__Bacteria; p__Pseudomonadota; c__Betaproteobacteria; o__Nitrosomonadales; f__Methylophilaceae; g__Methylophilus; s__Methylophilus sp. Leaf414
1736430.ASC95_05900	r__Root; d__Bacteria; p__Pseudomonadota; c__Betaproteobacteria; o__Burkholderiales; f__Sphaerotilaceae; g__Roseateles; s__Pelomonas sp. Root1217
1736430.ASC95_27140	r__Root; d__Bacteria; p__Pseudomonadota; c__Betaproteobacteria; o__Burkholderiales; f__Sphaerotilaceae; g__Roseateles; s__Pelomonas sp. Root1217
1736433.ASC87_04160	r__Root; d__Bacteria; p__Pseudomonadota; c__Betaproteobacteria; o__Burkholderiales
1736433.ASC87_12635	r__Root; d__Bacteria; p__Pseudomonadota; c__Betaproteobacteria; o__Burkholderiales
1736433.ASC87_26165	r__Root; d__Bacteria; p__Pseudomonadota; c__Betaproteobacteria; o__Burkholderiales
1736434.ASC91_18565	r__Root; d__Bacteria; p__Pseudomonadota; c__Betaproteobacteria; o__Burkholderiales; f__Sphaerotilaceae; g__Roseateles; s__Pelomonas sp. Root1237
1736434.ASC91_19610	r__Root; d__Bacteria; p__Pseudomonadota; c__Betaproteobacteria; o__Burkholderiales; f__Sphaerotilaceae; g__Roseateles; s__Pelomonas sp. Root1237
1121001.SAMN02745857_01966	r__Root; d__Bacteria; p__Pseudomonadota; c__Betaproteobacteria; o__Neisseriales; f__Chitinibacteraceae; g__Andreprevotia; s__Andreprevotia lacus
1736455.ASD28_06005	r__Root; d__Bacteria; p__Pseudomonadota; c__Betaproteobacteria; o__Burkholderiales; f__Oxalobacteraceae; g__Massilia; s__Massilia sp. Root133
1736458.ASD42_19060	r__Root; d__Bacteria; p__Actinomycetota; c__Actinomycetes; o__Mycobacteriales; f__Nocardiaceae; g__Nocardia; s__Nocardia sp. Root136
1736464.ASD35_16930	r__Root; d__Bacteria; p__Pseudomonadota; c__Betaproteobacteria; o__Burkholderiales; f__Sphaerotilaceae; g__Roseateles; s__Pelomonas sp. Root1444
1736464.ASD35_26090	r__Root; d__Bacteria; p__Pseudomonadota; c__Betaproteobacteria; o__Burkholderiales; f__Sphaerotilaceae; g__Roseateles; s__Pelomonas sp. Root1444
1736466.ASD45_20035	r__Root; d__Bacteria; p__Pseudomonadota; c__Alphaproteobacteria; o__Hyphomicrobiales; f__Xanthobacteraceae; g__Pseudolabrys; s__Pseudolabrys sp. Root1462
1736471.ASD58_08800	r__Root; d__Bacteria; p__Pseudomonadota; c__Betaproteobacteria; o__Burkholderiales; f__Oxalobacteraceae; g__Duganella; s__Duganella sp. Root1480D1
1736471.ASD58_23775	r__Root; d__Bacteria; p__Pseudomonadota; c__Betaproteobacteria; o__Burkholderiales; f__Oxalobacteraceae; g__Duganella; s__Duganella sp. Root1480D1
1736487.ASE07_08845	r__Root; d__Bacteria; p__Pseudomonadota; c__Betaproteobacteria; o__Burkholderiales; f__Oxalobacteraceae; g__Noviherbaspirillum; s__Noviherbaspirillum sp. Root189
1736492.ASE31_02530	r__Root; d__Bacteria; p__Pseudomonadota; c__Betaproteobacteria; o__Burkholderiales; f__Comamonadaceae; g__Acidovorax; s__Acidovorax sp. Root217
1736492.ASE31_13985	r__Root; d__Bacteria; p__Pseudomonadota; c__Betaproteobacteria; o__Burkholderiales; f__Comamonadaceae; g__Acidovorax; s__Acidovorax sp. Root217
1121022.GCA_000376105_00239	r__Root; d__Bacteria; p__Pseudomonadota; c__Alphaproteobacteria; o__Caulobacterales; f__Caulobacteraceae; g__Asticcacaulis; s__Asticcacaulis benevestitus
1736511.ASC88_18000	r__Root; d__Bacteria; p__Pseudomonadota; c__Betaproteobacteria; o__Burkholderiales
1736517.ASC93_15060	r__Root; d__Bacteria; p__Pseudomonadota; c__Betaproteobacteria; o__Burkholderiales; f__Oxalobacteraceae; g__Massilia; s__Massilia sp. Root335
1736518.ASD07_03220	r__Root; d__Bacteria; p__Pseudomonadota; c__Betaproteobacteria; o__Burkholderiales; f__Oxalobacteraceae; g__Duganella; s__Duganella sp. Root336D2
1736518.ASD07_04595	r__Root; d__Bacteria; p__Pseudomonadota; c__Betaproteobacteria; o__Burkholderiales; f__Oxalobacteraceae; g__Duganella; s__Duganella sp. Root336D2
1736528.ASC76_10605	r__Root; d__Bacteria; p__Pseudomonadota; c__Betaproteobacteria; o__Burkholderiales
1736532.ASC94_00580	r__Root; d__Bacteria; p__Pseudomonadota; c__Betaproteobacteria; o__Burkholderiales; f__Oxalobacteraceae; g__Massilia; s__Massilia sp. Root418
1736532.ASC94_06400	r__Root; d__Bacteria; p__Pseudomonadota; c__Betaproteobacteria; o__Burkholderiales; f__Oxalobacteraceae; g__Massilia; s__Massilia sp. Root418
1736568.ASD69_00580	r__Root; d__Bacteria; p__Pseudomonadota; c__Gammaproteobacteria; o__Lysobacterales; f__Lysobacteraceae; g__Lysobacter; s__Lysobacter sp. Root604
1736580.ASD88_02725	r__Root; d__Bacteria; p__Pseudomonadota; c__Betaproteobacteria; o__Burkholderiales; f__Sphaerotilaceae; g__Roseateles; s__Pelomonas sp. Root662
1736580.ASD88_11215	r__Root; d__Bacteria; p__Pseudomonadota; c__Betaproteobacteria; o__Burkholderiales; f__Sphaerotilaceae; g__Roseateles; s__Pelomonas sp. Root662
1121030.GCA_000430725_03098	r__Root; d__Bacteria; p__Pseudomonadota; c__Betaproteobacteria; o__Burkholderiales; f__Sphaerotilaceae; g__Azohydromonas; s__Azohydromonas australica
1736674.APS56_03400	r__Root; d__Bacteria; p__Bacteroidota; c__Flavobacteriia; o__Flavobacteriales; f__Flavobacteriaceae; g__Pseudalgibacter; s__Pseudalgibacter alginicilyticus
1739257.HMPREF2753_10820	r__Root; d__Bacteria; p__Pseudomonadota; c__Betaproteobacteria; o__Neisseriales; f__Neisseriaceae; g__Neisseria; s__Neisseria sp. HMSC071C03
1739348.HMPREF2844_10960	r__Root; d__Bacteria; p__Pseudomonadota; c__Betaproteobacteria; o__Neisseriales; f__Neisseriaceae; g__Neisseria; s__Neisseria sp. HMSC072F04
1739535.HMPREF3043_06105	r__Root; d__Bacteria; p__Pseudomonadota; c__Betaproteobacteria; o__Neisseriales; f__Neisseriaceae; g__Eikenella; s__Eikenella sp. HMSC073A11
1742859.AR687_17515	r__Root; d__Bacteria; p__Bacteroidota; c__Flavobacteriia; o__Flavobacteriales; f__Flavobacteriaceae
1742972.COMA1_11069	r__Root; d__Bacteria; p__Nitrospirota; c__Nitrospiria; o__Nitrospirales; f__Nitrospiraceae; g__Nitrospira; s__Candidatus Nitrospira nitrosa
1742972.COMA1_11074	r__Root; d__Bacteria; p__Nitrospirota; c__Nitrospiria; o__Nitrospirales; f__Nitrospiraceae; g__Nitrospira; s__Candidatus Nitrospira nitrosa
1742973.COMA2_220028	r__Root; d__Bacteria; p__Nitrospirota; c__Nitrospiria; o__Nitrospirales; f__Nitrospiraceae; g__Nitrospira; s__Candidatus Nitrospira nitrificans
1747903.ASR47_1003225	r__Root; d__Bacteria; p__Pseudomonadota; c__Betaproteobacteria; o__Burkholderiales; f__Oxalobacteraceae; g__Janthinobacterium; s__Janthinobacterium psychrotolerans
1748243.Tel_02315	r__Root; d__Bacteria; p__Pseudomonadota; c__Gammaproteobacteria; o__Candidatus Tenderiales; f__Candidatus Tenderiaceae; g__Candidatus Tenderia; s__Candidatus Tenderia electrophaga
1121035.GCA_000429665_02118	r__Root; d__Bacteria; p__Pseudomonadota; c__Betaproteobacteria; o__Rhodocyclales; f__Rhodocyclaceae; g__Azovibrio; s__Azovibrio restrictus
1748249.ASN18_0928	r__Root; d__Bacteria; p__Nitrospirota; c__Nitrospiria; o__Nitrospirales; f__Nitrospiraceae; g__Candidatus Magnetominusculus; s__Candidatus Magnetominusculus xianensis
1751286.NOS3756_04210	r__Root; d__Bacteria; p__Cyanobacteriota; c__Cyanophyceae; o__Nostocales; f__Nostocaceae; g__Nostoc; s__Nostoc sp. NIES-3756
1752198.GCA_001464695_00079	r__Root; d__Bacteria; p__Pseudomonadota; c__Betaproteobacteria
1752199.GCA_001464765_01709	r__Root; d__Bacteria; p__Pseudomonadota; c__Betaproteobacteria
1752201.GCA_001464895_01809	r__Root; d__Bacteria; p__Pseudomonadota; c__Betaproteobacteria
1752202.GCA_001464125_01626	r__Root; d__Bacteria; p__Pseudomonadota; c__Betaproteobacteria
1752203.GCA_001464035_02289	r__Root; d__Bacteria; p__Pseudomonadota; c__Alphaproteobacteria; o__Hyphomicrobiales; f__Nitrobacteraceae
1752205.GCA_001464055_01078	r__Root; d__Bacteria; p__Pseudomonadota; c__Betaproteobacteria; o__Burkholderiales
1752214.GCA_001464935_01281	r__Root; d__Bacteria; p__Pseudomonadota; c__Gammaproteobacteria
1752398.A8M32_24775	r__Root; d__Bacteria; p__Pseudomonadota; c__Alphaproteobacteria; o__Hyphomicrobiales; f__Rhizobiaceae; g__Sinorhizobium; s__Sinorhizobium alkalisoli
1005999.GCA_000439085_02980	r__Root; d__Bacteria; p__Pseudomonadota; c__Gammaproteobacteria; o__Enterobacterales; f__Budviciaceae; g__Leminorella; s__Leminorella grimontii
1121093.GCA_000430785_02997	r__Root; d__Bacteria; p__Bacillota; c__Bacilli; o__Bacillales; f__Bacillaceae; g__Ectobacillus; s__Ectobacillus panaciterrae
1755099.GCA_900021175_00690	r__Root; d__Bacteria; p__Pseudomonadota; c__Gammaproteobacteria; o__Enterobacterales; f__Enterobacteriaceae; g__Pseudenterobacter; s__Pseudenterobacter timonensis
1759059.ATE48_06400	r__Root; d__Bacteria; p__Pseudomonadota; c__Alphaproteobacteria; o__Hyphomonadales; f__Hyphomonadaceae; g__Candidatus Viadribacter; s__Candidatus Viadribacter manganicus
1759557.AU377_00410	r__Root; d__Bacteria; p__Bacillota; c__Bacilli; o__Bacillales; f__Caryophanaceae; g__Sporosarcina; s__Sporosarcina sp. HYO08
1759557.AU377_10755	r__Root; d__Bacteria; p__Bacillota; c__Bacilli; o__Bacillales; f__Caryophanaceae; g__Sporosarcina; s__Sporosarcina sp. HYO08
1759557.AU377_14400	r__Root; d__Bacteria; p__Bacillota; c__Bacilli; o__Bacillales; f__Caryophanaceae; g__Sporosarcina; s__Sporosarcina sp. HYO08
1760988.SAMN02949497_2925	r__Root; d__Bacteria; p__Pseudomonadota; c__Gammaproteobacteria; o__Methylococcales; f__Methylococcaceae; g__Methylomagnum; s__Methylomagnum ishizawai
1761899.SAMN04488595_112166	r__Root; d__Bacteria; p__Pseudomonadota; c__Betaproteobacteria; o__Burkholderiales; f__Burkholderiaceae; g__Ralstonia; s__Ralstonia sp. 25mfcol4.1
1761910.VRK_31060	r__Root; d__Bacteria; p__Pseudomonadota; c__Gammaproteobacteria; o__Vibrionales; f__Vibrionaceae; g__Vibrio; s__Vibrio sp. MEBiC08052
1763535.LPB072_20015	r__Root; d__Bacteria; p__Pseudomonadota; c__Betaproteobacteria; o__Burkholderiales; f__Comamonadaceae; g__Hydrogenophaga; s__Hydrogenophaga crassostreae
1764958.ATN31_06270	r__Root
1121274.GCA_000429785_00679	r__Root; d__Bacteria; p__Pseudomonadota; c__Betaproteobacteria; o__Neisseriales; f__Chitinibacteraceae; g__Chitinibacter; s__Chitinibacter tainanensis
1764958.ATN31_08760	r__Root
1766620.AUR63_05165	r__Root; d__Bacteria; p__Pseudomonadota; c__Gammaproteobacteria; o__Chromatiales; f__Thioalkalibacteraceae; g__Guyparkeria; s__Guyparkeria sp. XI15
1768753.GCA_001556045_00235	r__Root; d__Bacteria; p__Pseudomonadota; c__Alphaproteobacteria; o__Hyphomicrobiales; f__Nitrobacteraceae; g__Bradyrhizobium; s__Bradyrhizobium sp. CCH5-F6
1775430.AVL50_21655	r__Root; d__Bacteria; p__Bacteroidota; c__Cytophagia; o__Cytophagales; f__Flammeovirgaceae; g__Flammeovirga; s__Flammeovirga sp. SJP92
1775430.AVL50_28240	r__Root; d__Bacteria; p__Bacteroidota; c__Cytophagia; o__Cytophagales; f__Flammeovirgaceae; g__Flammeovirga; s__Flammeovirga sp. SJP92
1775636.AVO42_10830	r__Root; d__Bacteria; p__Pseudomonadota; c__Gammaproteobacteria; o__Thiotrichales; f__Piscirickettsiaceae; g__Thiomicrospira; s__Thiomicrospira sp. XS5
178774.BED47_14220	r__Root; d__Bacteria; p__Bacillota; c__Bacilli; o__Bacillales; f__Bacillaceae; g__Gottfriedia; s__Gottfriedia luciferensis
178774.BED47_19500	r__Root; d__Bacteria; p__Bacillota; c__Bacilli; o__Bacillales; f__Bacillaceae; g__Gottfriedia; s__Gottfriedia luciferensis
1789224.BFG52_00765	r__Root; d__Bacteria; p__Pseudomonadota; c__Gammaproteobacteria; o__Moraxellales; f__Moraxellaceae; g__Acinetobacter; s__Acinetobacter larvae
1792290.MSP8886_00908	r__Root; d__Bacteria; p__Pseudomonadota; c__Gammaproteobacteria; o__Oceanospirillales; f__Oceanospirillaceae; g__Marinomonas; s__Marinomonas spartinae
1121275.GCA_000430805_00212	r__Root; d__Bacteria; p__Pseudomonadota; c__Betaproteobacteria; o__Neisseriales; f__Chitinibacteraceae; g__Chitinilyticum; s__Chitinilyticum aquatile
1795043.AXG89_04065	r__Root; d__Bacteria; p__Pseudomonadota; c__Betaproteobacteria; o__Burkholderiales; f__Burkholderiaceae; g__Burkholderia; s__Burkholderia sp. PAMC 26561
1795827.A7P95_06485	r__Root; d__Bacteria; p__Pseudomonadota; c__Betaproteobacteria; o__Neisseriales; f__Neisseriaceae; g__Eikenella; s__Eikenella longinqua
1796606.A2G96_30120	r__Root; d__Bacteria; p__Pseudomonadota; c__Betaproteobacteria; o__Burkholderiales; f__Burkholderiaceae; g__Cupriavidus; s__Cupriavidus nantongensis
1797229.A3H30_05350	r__Root; d__Bacteria; p__Pseudomonadota; c__Alphaproteobacteria
1797238.A2V77_18680	r__Root; d__Bacteria; p__Myxococcota; c__Myxococcia; o__Myxococcales; f__Anaeromyxobacteraceae; g__Anaeromyxobacter; s__Anaeromyxobacter sp. RBG_16_69_14
1797348.A2W85_09750	r__Root; d__Bacteria; p__Bacteroidota
1797549.A2Z90_15220	r__Root; d__Bacteria; p__Pseudomonadota; c__Betaproteobacteria; o__Burkholderiales
1797551.A2X72_19680	r__Root; d__Bacteria; p__Pseudomonadota; c__Betaproteobacteria; o__Burkholderiales
1797552.A2711_15355	r__Root; d__Bacteria; p__Pseudomonadota; c__Betaproteobacteria; o__Burkholderiales
1797558.A3E52_15785	r__Root; d__Bacteria; p__Pseudomonadota; c__Betaproteobacteria; o__Burkholderiales
1121275.GCA_000430805_00996	r__Root; d__Bacteria; p__Pseudomonadota; c__Betaproteobacteria; o__Neisseriales; f__Chitinibacteraceae; g__Chitinilyticum; s__Chitinilyticum aquatile
1797562.A3I66_24165	r__Root; d__Bacteria; p__Pseudomonadota; c__Betaproteobacteria; o__Burkholderiales
1797566.A3F78_17725	r__Root; d__Bacteria; p__Pseudomonadota; c__Betaproteobacteria; o__Burkholderiales
1797595.A2Z85_02715	r__Root; d__Bacteria; p__Chlamydiota
1797746.A2037_12590	r__Root; d__Bacteria; p__Pseudomonadota; c__Betaproteobacteria; o__Burkholderiales; f__Comamonadaceae; g__Curvibacter; s__Curvibacter sp. GWA2_63_95
1797747.A2Z93_13610	r__Root; d__Bacteria; p__Pseudomonadota; c__Betaproteobacteria; o__Burkholderiales; f__Comamonadaceae; g__Curvibacter; s__Curvibacter sp. GWA2_64_110
1797809.A2054_10950	r__Root; d__Bacteria
1797814.A2X99_02835	r__Root; d__Bacteria
1797818.A2V21_205600	r__Root; d__Bacteria
1798182.GA0061081_101327	r__Root; d__Bacteria; p__Pseudomonadota; c__Gammaproteobacteria; o__Orbales; f__Orbaceae; g__Gilliamella; s__Gilliamella bombicola
1798266.A2V90_06750	r__Root; d__Bacteria; p__Pseudomonadota; c__Gammaproteobacteria
1121279.SAMN02745887_03385	r__Root; d__Bacteria; p__Pseudomonadota; c__Betaproteobacteria; o__Neisseriales; f__Chitinibacteraceae; g__Chitinimonas; s__Chitinimonas taiwanensis
1798288.A3E85_01935	r__Root; d__Bacteria; p__Pseudomonadota; c__Gammaproteobacteria
1801697.A2X56_03310	r__Root; d__Bacteria; p__Nitrospirota
1801896.A2X84_03245	r__Root; d__Bacteria; p__Thermodesulfobacteriota; c__Desulfuromonadia; o__Desulfuromonadales; f__Desulfuromonadaceae
180197.SAMN02982919_02081	r__Root; d__Bacteria; p__Pseudomonadota; c__Betaproteobacteria; o__Burkholderiales; f__Comamonadaceae; g__Giesbergeria; s__Giesbergeria anulus
180197.SAMN02982919_02494	r__Root; d__Bacteria; p__Pseudomonadota; c__Betaproteobacteria; o__Burkholderiales; f__Comamonadaceae; g__Giesbergeria; s__Giesbergeria anulus
1801974.A3D13_06435	r__Root; d__Bacteria; p__Planctomycetota
1802253.A2W82_10205	r__Root; d__Bacteria; p__Campylobacterota; c__Epsilonproteobacteria; o__Campylobacterales; f__Sulfurimonadaceae; g__Sulfurimonas; s__Sulfurimonas sp. RIFCSPLOWO2_12_36_12
1802256.A2345_05185	r__Root; d__Bacteria; p__Campylobacterota; c__Epsilonproteobacteria; o__Campylobacterales; f__Sulfurimonadaceae; g__Sulfurimonas; s__Sulfurimonas sp. RIFOXYB12_FULL_35_9
1802259.A2513_03840	r__Root; d__Bacteria; p__Campylobacterota; c__Epsilonproteobacteria; o__Campylobacterales; f__Sulfurimonadaceae; g__Sulfurimonas; s__Sulfurimonas sp. RIFOXYD12_FULL_33_39
1803466.AUH13_18980	r__Root; d__Bacteria; p__Acidobacteriota
1121284.SAMN05660493_02224	r__Root; d__Bacteria; p__Bacteroidota; c__Flavobacteriia; o__Flavobacteriales; f__Weeksellaceae; g__Epilithonimonas; s__Epilithonimonas bovis
1803665.GCA_001641335_03543	r__Root; d__Bacteria; p__Pseudomonadota; c__Alphaproteobacteria; o__Hyphomicrobiales; f__Nitrobacteraceae; g__Bradyrhizobium; s__Bradyrhizobium stylosanthis
1805088.AUJ20_14720	r__Root; d__Bacteria; p__Pseudomonadota; c__Betaproteobacteria; o__Burkholderiales; f__Comamonadaceae
1805214.AUJ81_04615	r__Root; d__Bacteria; p__Campylobacterota; c__Epsilonproteobacteria; o__Campylobacterales; f__Helicobacteraceae
1805292.AUK48_01955	r__Root; d__Bacteria; p__Cyanobacteriota; c__Cyanophyceae; o__Oscillatoriales
1805333.AUJ55_01355	r__Root; d__Bacteria; p__Pseudomonadota
1805397.AUK56_04800	r__Root; d__Bacteria; p__Pseudomonadota; c__Gammaproteobacteria; o__Thiotrichales; f__Piscirickettsiaceae; g__Thiomicrospira; s__Thiomicrospira sp. CG2_30_44_34
1805397.AUK56_06185	r__Root; d__Bacteria; p__Pseudomonadota; c__Gammaproteobacteria; o__Thiotrichales; f__Piscirickettsiaceae; g__Thiomicrospira; s__Thiomicrospira sp. CG2_30_44_34
1805634.AY606_00375	r__Root; d__Bacteria; p__Pseudomonadota; c__Gammaproteobacteria; o__Moraxellales; f__Moraxellaceae; g__Acinetobacter; s__Acinetobacter sp. SFB
1805635.AY605_05385	r__Root; d__Bacteria; p__Pseudomonadota; c__Gammaproteobacteria; o__Moraxellales; f__Moraxellaceae; g__Acinetobacter; s__Acinetobacter sp. SFD
1806892.AZH43_15770	r__Root; d__Bacteria; p__Pseudomonadota; c__Gammaproteobacteria; o__Moraxellales; f__Moraxellaceae; g__Acinetobacter; s__Acinetobacter pragensis
1121286.GCA_000430825_03816	r__Root; d__Bacteria; p__Bacteroidota; c__Flavobacteriia; o__Flavobacteriales; f__Weeksellaceae; g__Chryseobacterium; s__Chryseobacterium daeguense
180957.B5S52_20565	r__Root; d__Bacteria; p__Pseudomonadota; c__Gammaproteobacteria; o__Enterobacterales; f__Pectobacteriaceae; g__Pectobacterium; s__Pectobacterium brasiliense
1811547.GCA_001626765_02855	r__Root; d__Bacteria; p__Pseudomonadota; c__Alphaproteobacteria; o__Rhodobacterales; f__Roseobacteraceae; g__Maritimibacter; s__Maritimibacter sp. REDSEA-S28_B5
1816693.GCA_900098925_01853	r__Root; d__Bacteria; p__Bacillota; c__Bacilli; o__Bacillales; f__Bacillaceae; g__Bacillus; s__Bacillus massiliglaciei
182217.HCW_07570	r__Root; d__Bacteria; p__Campylobacterota; c__Epsilonproteobacteria; o__Campylobacterales; f__Helicobacteraceae; g__Helicobacter; s__Helicobacter cetorum
1824.SAMN05444423_102442	r__Root; d__Bacteria; p__Actinomycetota; c__Actinomycetes; o__Mycobacteriales; f__Nocardiaceae; g__Nocardia; s__Nocardia asteroides
1827136.GCA_001723685_01367	r__Root; d__Bacteria; p__Pseudomonadota; c__Gammaproteobacteria; o__Thiotrichales; f__Thiotrichaceae; g__Candidatus Marithrix; s__Candidatus Marithrix sp. Canyon 246
1827376.A4E19_07560	r__Root; d__Bacteria; p__Nitrospirota; c__Nitrospiria; o__Nitrospirales; f__Nitrospiraceae; g__Nitrospira; s__Nitrospira sp. SG-bin1
1827377.A4E20_16915	r__Root; d__Bacteria; p__Nitrospirota; c__Nitrospiria; o__Nitrospirales; f__Nitrospiraceae; g__Nitrospira; s__Nitrospira sp. SG-bin2
1827381.A4S08_10630	r__Root; d__Bacteria; p__Pseudomonadota
183.GCA_002009735_02636	r__Root; d__Bacteria; p__Spirochaetota; c__Spirochaetia; o__Leptospirales; f__Leptospiraceae; g__Leptonema; s__Leptonema illini
1121286.GCA_000430825_03971	r__Root; d__Bacteria; p__Bacteroidota; c__Flavobacteriia; o__Flavobacteriales; f__Weeksellaceae; g__Chryseobacterium; s__Chryseobacterium daeguense
183.GCA_002009735_03521	r__Root; d__Bacteria; p__Spirochaetota; c__Spirochaetia; o__Leptospirales; f__Leptospiraceae; g__Leptonema; s__Leptonema illini
1834181.A5880_001239	r__Root; d__Bacteria; p__Bacillota; c__Bacilli; o__Lactobacillales; f__Enterococcaceae; g__Enterococcus; s__Candidatus Enterococcus mansonii
1834189.A5821_001093	r__Root; d__Bacteria; p__Bacillota; c__Bacilli; o__Lactobacillales; f__Enterococcaceae; g__Enterococcus; s__Candidatus Enterococcus palustris
1834189.A5821_001292	r__Root; d__Bacteria; p__Bacillota; c__Bacilli; o__Lactobacillales; f__Enterococcaceae; g__Enterococcus; s__Candidatus Enterococcus palustris
1834191.A5886_001555	r__Root; d__Bacteria; p__Bacillota; c__Bacilli; o__Lactobacillales; f__Enterococcaceae; g__Enterococcus; s__Candidatus Enterococcus testudinis
1835005.A6A25_18305	r__Root; d__Bacteria; p__Actinomycetota; c__Actinomycetes; o__Pseudonocardiales; f__Pseudonocardiaceae; g__Saccharothrix; s__Saccharothrix sp. CB00851
1835005.A6A25_33070	r__Root; d__Bacteria; p__Actinomycetota; c__Actinomycetes; o__Pseudonocardiales; f__Pseudonocardiaceae; g__Saccharothrix; s__Saccharothrix sp. CB00851
1835254.CL55_00004530	r__Root; d__Bacteria; p__Pseudomonadota; c__Betaproteobacteria; o__Burkholderiales; f__Burkholderiaceae; g__Polynucleobacter; s__Polynucleobacter duraquae
1840087.A6E06_00250	r__Root; d__Bacteria; p__Pseudomonadota; c__Gammaproteobacteria; o__Vibrionales; f__Vibrionaceae; g__Aliivibrio; s__Aliivibrio sp. 1S175
1842539.BSY19_3665	r__Root; d__Bacteria; p__Pseudomonadota; c__Alphaproteobacteria; o__Hyphomicrobiales; f__Boseaceae; g__Bosea; s__Bosea sp. RAC05
1121357.SAMN05661109_01090	r__Root; d__Bacteria; p__Actinomycetota; c__Actinomycetes; o__Mycobacteriales; f__Corynebacteriaceae; g__Corynebacterium; s__Corynebacterium cystitidis
1842540.BSY238_2219	r__Root; d__Bacteria; p__Pseudomonadota; c__Betaproteobacteria; o__Nitrosomonadales; f__Sterolibacteriaceae; g__Methyloversatilis; s__Methyloversatilis sp. RAC08
1842727.RD110_05380	r__Root; d__Bacteria; p__Pseudomonadota; c__Betaproteobacteria; o__Burkholderiales; f__Comamonadaceae; g__Rhodoferax; s__Rhodoferax koreensis
1843580.A7D17_10270	r__Root; d__Bacteria; p__Pseudomonadota; c__Gammaproteobacteria; o__Lysobacterales; f__Lysobacteraceae; g__Xanthomonas; s__Xanthomonas floridensis
1848292.LCM4579_03720	r__Root; d__Bacteria; p__Pseudomonadota; c__Alphaproteobacteria; o__Hyphomicrobiales; f__Rhizobiaceae; g__Ensifer; s__Ensifer sp. LCM 4579
1848766.A7X81_02805	r__Root; d__Bacteria; p__Campylobacterota; c__Epsilonproteobacteria; o__Campylobacterales; f__Campylobacteraceae; g__Campylobacter; s__Campylobacter ornithocola
1849171.A8B75_00350	r__Root; d__Bacteria; p__Pseudomonadota; c__Alphaproteobacteria; o__Sphingomonadales
1849719.GCA_001660705_02251	r__Root; d__Bacteria; p__Bacteroidota; c__Bacteroidia; o__Marinilabiliales; f__Marinilabiliaceae; g__Saccharicrinis; s__Saccharicrinis aurantiacus
1849968.A8C32_04585	r__Root; d__Bacteria; p__Bacteroidota; c__Flavobacteriia; o__Flavobacteriales; f__Flavobacteriaceae; g__Flavivirga; s__Flavivirga aquatica
1850094.GCA_001704765_05692	r__Root; d__Bacteria; p__Pseudomonadota; c__Alphaproteobacteria; o__Hyphomicrobiales; f__Rhizobiaceae; g__Sinorhizobium; s__Sinorhizobium shofinae
1850254.LPB137_08965	r__Root; d__Bacteria; p__Campylobacterota; c__Epsilonproteobacteria; o__Campylobacterales; f__Arcobacteraceae; g__Poseidonibacter; s__Poseidonibacter parvus
1121373.GCA_000379725_03499	r__Root; d__Bacteria; p__Bacteroidota; c__Cytophagia; o__Cytophagales; f__Cytophagaceae; g__Cytophaga; s__Cytophaga aurantiaca
1850361.GCA_001650195_05369	r__Root; d__Bacteria; p__Cyanobacteriota; c__Cyanophyceae; o__Leptolyngbyales; f__Leptolyngbyaceae; g__Phormidesmis; s__Phormidesmis priestleyi
1852619.GCA_001657315_03665	r__Root; d__Bacteria; p__Bacteroidota; c__Cytophagia; o__Cytophagales; f__Flammeovirgaceae
1855285.SAMN05216303_103507	r__Root; d__Bacteria; p__Pseudomonadota; c__Betaproteobacteria; o__Burkholderiales; f__Comamonadaceae; g__Rhodoferax; s__Rhodoferax sp. OV413
1855285.SAMN05216303_10963	r__Root; d__Bacteria; p__Pseudomonadota; c__Betaproteobacteria; o__Burkholderiales; f__Comamonadaceae; g__Rhodoferax; s__Rhodoferax sp. OV413
1855289.SAMN05216319_2967	r__Root; d__Bacteria; p__Pseudomonadota; c__Betaproteobacteria; o__Burkholderiales; f__Oxalobacteraceae; g__Duganella; s__Duganella sp. CF402
1855305.SAMN05216359_10494	r__Root; d__Bacteria; p__Pseudomonadota; c__Betaproteobacteria; o__Burkholderiales; f__Sphaerotilaceae; g__Roseateles; s__Roseateles sp. YR242
1855314.SAMN05216322_11691	r__Root; d__Bacteria; p__Pseudomonadota; c__Betaproteobacteria; o__Burkholderiales; f__Burkholderiaceae; g__Cupriavidus; s__Cupriavidus sp. OV096
1855319.SAMN05216330_101611	r__Root; d__Bacteria; p__Pseudomonadota; c__Alphaproteobacteria; o__Hyphomicrobiales; f__Nitrobacteraceae; g__Bradyrhizobium; s__Bradyrhizobium sp. Ghvi
1855321.SAMN05216338_1007113	r__Root; d__Bacteria; p__Pseudomonadota; c__Alphaproteobacteria; o__Hyphomicrobiales; f__Nitrobacteraceae; g__Bradyrhizobium; s__Bradyrhizobium sp. Rc2d
1855322.SAMN05216573_101575	r__Root; d__Bacteria; p__Pseudomonadota; c__Alphaproteobacteria; o__Hyphomicrobiales; f__Nitrobacteraceae; g__Bradyrhizobium; s__Bradyrhizobium sp. Rc3b
1006000.GKAS_00131	r__Root; d__Bacteria; p__Pseudomonadota; c__Gammaproteobacteria; o__Enterobacterales; f__Enterobacteriaceae; g__Kluyvera; s__Kluyvera ascorbata
1121375.GCA_000620145_02288	r__Root; d__Bacteria; p__Pseudomonadota; c__Betaproteobacteria; o__Neisseriales; f__Chitinibacteraceae; g__Deefgea; s__Deefgea rivuli
1855333.SAMN05216299_101245	r__Root; d__Bacteria; p__Pseudomonadota; c__Betaproteobacteria; o__Nitrosomonadales; f__Nitrosomonadaceae; g__Nitrosospira; s__Nitrosospira sp. Nsp14
1855333.SAMN05216299_12311	r__Root; d__Bacteria; p__Pseudomonadota; c__Betaproteobacteria; o__Nitrosomonadales; f__Nitrosomonadaceae; g__Nitrosospira; s__Nitrosospira sp. Nsp14
1855338.SAMN05216428_101579	r__Root; d__Bacteria; p__Pseudomonadota; c__Betaproteobacteria; o__Nitrosomonadales; f__Nitrosomonadaceae; g__Nitrosospira; s__Nitrosospira sp. Nsp11
1855340.SAMN05216316_1575	r__Root; d__Bacteria; p__Pseudomonadota; c__Betaproteobacteria; o__Nitrosomonadales; f__Nitrosomonadaceae; g__Nitrosovibrio; s__Nitrosovibrio sp. Nv6
1855340.SAMN05216316_1576	r__Root; d__Bacteria; p__Pseudomonadota; c__Betaproteobacteria; o__Nitrosomonadales; f__Nitrosomonadaceae; g__Nitrosovibrio; s__Nitrosovibrio sp. Nv6
1855370.SAMN05216341_11614	r__Root; d__Bacteria; p__Bacillota; c__Bacilli; o__Lactobacillales; f__Lactobacillaceae
1855912.LuPra_00030	r__Root; d__Bacteria; p__Acidobacteriota; c__Vicinamibacteria; o__Vicinamibacterales; f__Vicinamibacteraceae; g__Luteitalea; s__Luteitalea pratensis
1859473.BG261_03515	r__Root; d__Bacteria; p__Bacillota; c__Bacilli; o__Lactobacillales; f__Streptococcaceae; g__Floricoccus; s__Floricoccus tropicus
1860102.ACCAA_130080	r__Root; d__Bacteria; p__Pseudomonadota; c__Betaproteobacteria
1860102.ACCAA_920041	r__Root; d__Bacteria; p__Pseudomonadota; c__Betaproteobacteria
1121416.SAMN02745220_01477	r__Root; d__Bacteria; p__Thermodesulfobacteriota; c__Desulfobulbia; o__Desulfobulbales; f__Desulfocapsaceae; g__Desulfopila; s__Desulfopila aestuarii
1862950.TEF_01210	r__Root; d__Bacteria; p__Pseudomonadota; c__Alphaproteobacteria; o__Hyphomicrobiales
1871111.GCA_001704615_01039	r__Root; d__Bacteria; p__Pseudomonadota; c__Gammaproteobacteria; o__Moraxellales; f__Moraxellaceae; g__Acinetobacter; s__Acinetobacter defluvii
187868.SAMN05192589_10966	r__Root; d__Bacteria; p__Pseudomonadota; c__Betaproteobacteria; o__Burkholderiales; f__Comamonadaceae; g__Paracidovorax; s__Paracidovorax valerianellae
1880902.BCR12_14225	r__Root; d__Bacteria; p__Cyanobacteriota; c__Cyanophyceae; o__Pseudanabaenales; f__Pseudanabaenaceae; g__Limnothrix; s__Limnothrix sp. P13C2
1881015.BCD64_28505	r__Root; d__Bacteria; p__Cyanobacteriota; c__Cyanophyceae; o__Nostocales; f__Nostocaceae; g__Nostoc; s__Nostoc sp. MBR 210
1881028.SAMN05428985_102184	r__Root; d__Bacteria; p__Actinomycetota; c__Actinomycetes; o__Propionibacteriales; f__Nocardioidaceae; g__Nocardioides; s__Nocardioides sp. YR527
1881035.SAMN05428960_0207	r__Root; d__Bacteria; p__Pseudomonadota; c__Betaproteobacteria; o__Burkholderiales; f__Sphaerotilaceae; g__Roseateles; s__Mitsuaria sp. PDC51
1881035.SAMN05428960_2511	r__Root; d__Bacteria; p__Pseudomonadota; c__Betaproteobacteria; o__Burkholderiales; f__Sphaerotilaceae; g__Roseateles; s__Mitsuaria sp. PDC51
1881038.SAMN05428959_10429	r__Root; d__Bacteria; p__Pseudomonadota; c__Betaproteobacteria; o__Burkholderiales; f__Oxalobacteraceae; g__Duganella; s__Duganella sp. CF517
1881038.SAMN05428959_105434	r__Root; d__Bacteria; p__Pseudomonadota; c__Betaproteobacteria; o__Burkholderiales; f__Oxalobacteraceae; g__Duganella; s__Duganella sp. CF517
1121480.GCA_000425385_01424	r__Root; d__Bacteria; p__Pseudomonadota; c__Betaproteobacteria; o__Burkholderiales; f__Oxalobacteraceae; g__Pseudoduganella; s__Pseudoduganella violaceinigra
1881039.SAMN05428973_11610	r__Root; d__Bacteria; p__Pseudomonadota; c__Betaproteobacteria; o__Burkholderiales; f__Oxalobacteraceae; g__Duganella; s__Duganella sp. OV510
1881045.SAMN05428948_0172	r__Root; d__Bacteria; p__Pseudomonadota; c__Betaproteobacteria; o__Burkholderiales; f__Oxalobacteraceae; g__Massilia; s__Massilia sp. CF038
1881046.SAMN05428966_101698	r__Root; d__Bacteria; p__Pseudomonadota; c__Betaproteobacteria; o__Burkholderiales; f__Oxalobacteraceae; g__Massilia; s__Massilia sp. PDC64
1881054.SAMN05428977_10281	r__Root; d__Bacteria; p__Pseudomonadota; c__Betaproteobacteria; o__Nitrosomonadales; f__Nitrosomonadaceae; g__Nitrosomonas; s__Nitrosomonas sp. Nm166
1882399.BC358_13575	r__Root; d__Bacteria; p__Pseudomonadota; c__Betaproteobacteria; o__Burkholderiales; f__Comamonadaceae; g__Hydrogenophaga; s__Hydrogenophaga sp. H7
1882752.SAMN05444166_3972	r__Root; d__Bacteria; p__Planctomycetota; c__Planctomycetia; o__Isosphaerales; f__Isosphaeraceae; g__Singulisphaera; s__Singulisphaera sp. GP187
1882758.SAMN05444671_1163	r__Root; d__Bacteria; p__Bacteroidota; c__Flavobacteriia; o__Flavobacteriales; f__Flavobacteriaceae; g__Flavobacterium; s__Flavobacterium sp. CF108
1882774.SAMN05444679_105283	r__Root; d__Bacteria; p__Pseudomonadota; c__Betaproteobacteria; o__Burkholderiales; f__Comamonadaceae; g__Variovorax; s__Variovorax sp. CF079
1882825.SAMN05444747_1088	r__Root; d__Bacteria; p__Pseudomonadota; c__Betaproteobacteria; o__Burkholderiales; f__Comamonadaceae; g__Variovorax; s__Variovorax sp. OV329
1882828.SAMN05444680_101359	r__Root; d__Bacteria; p__Pseudomonadota; c__Betaproteobacteria; o__Burkholderiales; f__Comamonadaceae; g__Variovorax; s__Variovorax sp. YR216
1121480.GCA_000425385_03363	r__Root; d__Bacteria; p__Pseudomonadota; c__Betaproteobacteria; o__Burkholderiales; f__Oxalobacteraceae; g__Pseudoduganella; s__Pseudoduganella violaceinigra
1884368.SAMN05518865_101273	r__Root; d__Bacteria; p__Pseudomonadota; c__Betaproteobacteria; o__Burkholderiales; f__Oxalobacteraceae; g__Duganella; s__Duganella sp. CF458
1884368.SAMN05518865_104312	r__Root; d__Bacteria; p__Pseudomonadota; c__Betaproteobacteria; o__Burkholderiales; f__Oxalobacteraceae; g__Duganella; s__Duganella sp. CF458
1884656.BEN18_04780	r__Root; d__Bacteria; p__Bacillota; c__Clostridia; o__Lachnospirales; f__Lachnospiraceae; g__Candidatus Parepulonipiscium; s__Candidatus Parepulonipiscium sp. PG-Nuni2H_MBin01
1890733.BJG00_15090	r__Root; d__Bacteria; p__Cyanobacteriota; c__Cyanophyceae; o__Pseudanabaenales; f__Pseudanabaenaceae; g__Limnothrix; s__Limnothrix sp. CACIAM 69d
1891675.B1H58_05395	r__Root; d__Bacteria; p__Pseudomonadota; c__Gammaproteobacteria; o__Enterobacterales; f__Erwiniaceae; g__Pantoea; s__Pantoea alhagi
1892846.GCA_900117445_00634	r__Root; d__Bacteria; p__Pseudomonadota; c__Alphaproteobacteria; o__Hyphomicrobiales; f__Hyphomicrobiaceae; g__Hyphomicrobium; s__Hyphomicrobium sp. NDB2Meth4
189425.PGRAT_07865	r__Root; d__Bacteria; p__Bacillota; c__Bacilli; o__Bacillales; f__Paenibacillaceae; g__Paenibacillus; s__Paenibacillus graminis
1895689.BGO63_08895	r__Root; d__Bacteria; p__Pseudomonadota; c__Betaproteobacteria
1895704.BGO27_00270	r__Root; d__Bacteria; p__Pseudomonadota; c__Alphaproteobacteria
1895745.BGO40_03920	r__Root; d__Bacteria; p__Bacteroidota; c__Flavobacteriia; o__Flavobacteriales; f__Weeksellaceae; g__Chryseobacterium; s__Chryseobacterium sp. 39-10
1121863.GCA_000621185_02050	r__Root; d__Bacteria; p__Pseudomonadota; c__Gammaproteobacteria; o__Enterobacterales; f__Enterobacteriaceae; g__Franconibacter; s__Franconibacter pulveris
1895807.BGO49_24660	r__Root; d__Bacteria; p__Planctomycetota; c__Planctomycetia; o__Planctomycetales
1895825.BGO51_09345	r__Root; d__Bacteria; p__Pseudomonadota; c__Alphaproteobacteria; o__Rhodospirillales
1895869.BGP24_09165	r__Root; d__Bacteria; p__Pseudomonadota; c__Gammaproteobacteria; o__Lysobacterales
1895901.BGO99_14355	r__Root; d__Bacteria; p__Pseudomonadota; c__Betaproteobacteria; o__Nitrosomonadales; f__Nitrosomonadaceae; g__Nitrosospira; s__Nitrosospira sp. 56-18
1898736.BIU96_09530	r__Root; d__Bacteria; p__Actinomycetota; c__Actinomycetes; o__Micrococcales; f__Microbacteriaceae; g__Curtobacterium; s__Curtobacterium sp. MCBA15_008
1904640.BWI17_19465	r__Root; d__Bacteria; p__Pseudomonadota; c__Betaproteobacteria
190485.XCC3991	r__Root; d__Bacteria; p__Pseudomonadota; c__Gammaproteobacteria; o__Lysobacterales; f__Lysobacteraceae; g__Xanthomonas; s__Xanthomonas campestris
1905359.BKI52_33530	r__Root; d__Bacteria; p__Bacteroidota; c__Cytophagia; o__Cytophagales; f__Cytophagaceae
1905359.BKI52_35040	r__Root; d__Bacteria; p__Bacteroidota; c__Cytophagia; o__Cytophagales; f__Cytophagaceae
1905730.W5S_0257	r__Root; d__Bacteria; p__Pseudomonadota; c__Gammaproteobacteria; o__Enterobacterales; f__Pectobacteriaceae; g__Pectobacterium; s__Pectobacterium parmentieri
1121865.OMW_00547	r__Root; d__Bacteria; p__Bacillota; c__Bacilli; o__Lactobacillales; f__Enterococcaceae; g__Enterococcus; s__Enterococcus columbae
1906333.BJP07_08835	r__Root; d__Bacteria; p__Actinomycetota; c__Actinomycetes; o__Mycobacteriales; f__Corynebacteriaceae; g__Corynebacterium; s__Corynebacterium sp. NML130628
1906334.BJP08_05550	r__Root; d__Bacteria; p__Actinomycetota; c__Actinomycetes; o__Mycobacteriales; f__Corynebacteriaceae; g__Corynebacterium; s__Corynebacterium sp. NML140438
190721.ACS15_3328	r__Root; d__Bacteria; p__Pseudomonadota; c__Betaproteobacteria; o__Burkholderiales; f__Burkholderiaceae; g__Ralstonia; s__Ralstonia insidiosa
1907397.SAMN05880574_10365	r__Root; d__Bacteria; p__Bacteroidota; c__Flavobacteriia; o__Flavobacteriales; f__Weeksellaceae; g__Chryseobacterium; s__Chryseobacterium sp. RU37D
1907397.SAMN05880574_10473	r__Root; d__Bacteria; p__Bacteroidota; c__Flavobacteriia; o__Flavobacteriales; f__Weeksellaceae; g__Chryseobacterium; s__Chryseobacterium sp. RU37D
1907416.SAMN05880558_10368	r__Root; d__Bacteria; p__Pseudomonadota; c__Gammaproteobacteria; o__Aeromonadales; f__Aeromonadaceae; g__Aeromonas; s__Aeromonas sp. RU39B
1907766.AA042_09220	r__Root; d__Bacteria; p__Pseudomonadota; c__Gammaproteobacteria; o__Pseudomonadales; f__Pseudomonadaceae; g__Pseudomonas; s__Pseudomonas sp. BS-2016
1908520.GCA_900103085_01469	r__Root; d__Bacteria; p__Pseudomonadota; c__Gammaproteobacteria; o__Orbales; f__Orbaceae; g__Gilliamella; s__Gilliamella mensalis
190893.BA953_18065	r__Root; d__Bacteria; p__Pseudomonadota; c__Gammaproteobacteria; o__Vibrionales; f__Vibrionaceae; g__Vibrio; s__Vibrio coralliilyticus
1909734.GCA_002148795_01892	r__Root; d__Bacteria; p__Pseudomonadota; c__Alphaproteobacteria; o__Rhodospirillales; f__Oceanibaculaceae; g__Oceanibaculum; s__Oceanibaculum nanhaiense
1121875.GCA_000382125_01326	r__Root; d__Bacteria; p__Bacteroidota; c__Flavobacteriia; o__Flavobacteriales; f__Flavobacteriaceae; g__Eudoraea; s__Eudoraea adriatica
1912961.BU204_02415	r__Root; d__Bacteria; p__Actinomycetota; c__Actinomycetes; o__Pseudonocardiales; f__Pseudonocardiaceae; g__Actinophytocola; s__Actinophytocola xanthii
1915309.AXG55_04720	r__Root; d__Bacteria; p__Bdellovibrionota; c__Oligoflexia; o__Silvanigrellales; f__Silvanigrellaceae; g__Silvanigrella; s__Silvanigrella aquatica
1926286.GCA_900166625_03561	r__Root; d__Bacteria; p__Bacillota; c__Bacilli; o__Bacillales; f__Bacillaceae; g__Halobacillus; s__Halobacillus massiliensis
1926478.BTV98_05260	r__Root; d__Bacteria; p__Pseudomonadota; c__Gammaproteobacteria; o__Moraxellales; f__Moraxellaceae; g__Psychrobacter; s__Psychrobacter sp. Cmf 22.2
192904.SAMN04488514_101591	r__Root; d__Bacteria; p__Bacteroidota; c__Flavobacteriia; o__Flavobacteriales; f__Flavobacteriaceae; g__Kriegella; s__Kriegella aquimaris
1933778.ALI22I_18005	r__Root; d__Bacteria; p__Actinomycetota; c__Actinomycetes; o__Pseudonocardiales; f__Pseudonocardiaceae; g__Saccharothrix; s__Saccharothrix sp. ALI-22-I
1933778.ALI22I_31950	r__Root; d__Bacteria; p__Actinomycetota; c__Actinomycetes; o__Pseudonocardiales; f__Pseudonocardiaceae; g__Saccharothrix; s__Saccharothrix sp. ALI-22-I
1933779.ALI144C_38700	r__Root; d__Bacteria; p__Actinomycetota; c__Actinomycetes; o__Pseudonocardiales; f__Pseudonocardiaceae; g__Actinosynnema; s__Actinosynnema sp. ALI-1.44
1933817.BWI15_10105	r__Root; d__Bacteria; p__Actinomycetota; c__Actinomycetes; o__Propionibacteriales; f__Kribbellaceae; g__Kribbella; s__Kribbella sp. ALI-6-A
1935146.GCA_002011745_01578	r__Root; d__Bacteria; p__Nitrospirota
1121904.GCA_000379765_03222	r__Root; d__Bacteria; p__Bacteroidota; c__Cytophagia; o__Cytophagales; f__Flammeovirgaceae; g__Flexithrix; s__Flexithrix dorotheae
1935147.GCA_002011815_01412	r__Root; d__Bacteria; p__Nitrospirota
1936081.BWZ22_01010	r__Root; d__Bacteria; p__Bacteroidota; c__Flavobacteriia; o__Flavobacteriales; f__Flavobacteriaceae; g__Seonamhaeicola; s__Seonamhaeicola sp. S2-3
194197.BWD09_12105	r__Root; d__Bacteria; p__Pseudomonadota; c__Betaproteobacteria; o__Neisseriales; f__Neisseriaceae; g__Neisseria; s__Neisseria dentiae
1944133.B0B52_18860	r__Root; d__Bacteria; p__Pseudomonadota; c__Betaproteobacteria; o__Burkholderiales; f__Comamonadaceae; g__Polaromonas; s__Polaromonas sp. A23
1945863.B0E43_09170	r__Root; d__Bacteria; p__Bacteroidota; c__Cytophagia; o__Cytophagales; f__Cyclobacteriaceae; g__Algoriphagus; s__Algoriphagus sp. A40
1945864.B0E41_17750	r__Root; d__Bacteria; p__Pseudomonadota; c__Betaproteobacteria; o__Burkholderiales; f__Comamonadaceae; g__Hydrogenophaga; s__Hydrogenophaga sp. A37
1955422.B0920_01775	r__Root; d__Bacteria; p__Pseudomonadota; c__Betaproteobacteria; o__Burkholderiales; f__Oxalobacteraceae; g__Massilia; s__Massilia sp. KIM
1955422.B0920_17200	r__Root; d__Bacteria; p__Pseudomonadota; c__Betaproteobacteria; o__Burkholderiales; f__Oxalobacteraceae; g__Massilia; s__Massilia sp. KIM
195913.SAMN04488004_103163	r__Root; d__Bacteria; p__Pseudomonadota; c__Alphaproteobacteria; o__Rhodobacterales; f__Roseobacteraceae; g__Loktanella; s__Loktanella salsilacus
1961114.B6D35_10460	r__Root; d__Bacteria; p__Planctomycetota; c__Candidatus Brocadiia; o__Candidatus Brocadiales; f__Candidatus Brocadiaceae; g__Candidatus Brocadia; s__Candidatus Brocadia sp. UTAMX2
1121909.GCA_000425645_02633	r__Root; d__Bacteria; p__Bacteroidota; c__Flavobacteriia; o__Flavobacteriales; f__Flavobacteriaceae; g__Gaetbulibacter; s__Gaetbulibacter saemankumensis
1961114.B6D35_10850	r__Root; d__Bacteria; p__Planctomycetota; c__Candidatus Brocadiia; o__Candidatus Brocadiales; f__Candidatus Brocadiaceae; g__Candidatus Brocadia; s__Candidatus Brocadia sp. UTAMX2
196162.Noca_0359	r__Root; d__Bacteria; p__Actinomycetota; c__Actinomycetes; o__Propionibacteriales; f__Nocardioidaceae; g__Nocardioides; s__Nocardioides sp. JS614
196367.GCA_000729995_06053	r__Root; d__Bacteria; p__Pseudomonadota; c__Betaproteobacteria; o__Burkholderiales; f__Burkholderiaceae; g__Caballeronia; s__Caballeronia sordidicola
196490.GCA_000426245_04754	r__Root; d__Bacteria; p__Pseudomonadota; c__Alphaproteobacteria; o__Hyphomicrobiales; f__Nitrobacteraceae; g__Bradyrhizobium; s__Bradyrhizobium sp. Ai1a-2
1969733.B5V00_09825	r__Root; d__Bacteria; p__Thermodesulfobacteriota; c__Desulfuromonadia; o__Desulfuromonadales; f__Geothermobacteraceae; g__Geothermobacter; s__Geothermobacter hydrogeniphilus
1970471.B6C99_06730	r__Root; d__Bacteria; p__Pseudomonadota; c__Gammaproteobacteria; o__Orbales; f__Orbaceae; g__Gilliamella; s__Gilliamella sp. N-G2
197479.BFW38_11030	r__Root; d__Bacteria; p__Pseudomonadota; c__Gammaproteobacteria; o__Oceanospirillales
1977874.B9T35_10725	r__Root; d__Bacteria; p__Pseudomonadota; c__Gammaproteobacteria; o__Moraxellales; f__Moraxellaceae; g__Acinetobacter; s__Acinetobacter sp. ANC 3832
1977878.B9T23_01185	r__Root
1977883.B9T29_04210	r__Root; d__Bacteria; p__Pseudomonadota; c__Gammaproteobacteria; o__Moraxellales; f__Moraxellaceae; g__Acinetobacter; s__Acinetobacter sp. ANC 3903
1121935.GCA_000376785_05923	r__Root; d__Bacteria; p__Pseudomonadota; c__Gammaproteobacteria; o__Oceanospirillales; f__Hahellaceae; g__Hahella; s__Hahella ganghwensis
1978549.GCA_002105465_03231	r__Root; d__Bacteria; p__Pseudomonadota; c__Alphaproteobacteria; o__Caulobacterales; f__Caulobacteraceae; g__Aquidulcibacter; s__Aquidulcibacter paucihalophilus
1978764.BVN28_13660	r__Root; d__Bacteria; p__Nitrospirota; c__Nitrospiria; o__Nitrospirales; f__Nitrospiraceae; g__Nitrospira; s__Nitrospira sp. ST-bin4
1981054.GCA_002110465_04725	r__Root; d__Bacteria; p__Cyanobacteriota
198107.AzCIB_3852	r__Root; d__Bacteria; p__Pseudomonadota; c__Betaproteobacteria; o__Rhodocyclales; f__Zoogloeaceae; g__Azoarcus; s__Azoarcus sp. CIB
1987383.A5844_000010	r__Root; d__Bacteria; p__Bacillota; c__Bacilli; o__Lactobacillales; f__Enterococcaceae; g__Enterococcus; s__Candidatus Enterococcus wittei
1987385.A5798_001854	r__Root; d__Bacteria; p__Bacillota; c__Bacilli; o__Lactobacillales; f__Enterococcaceae; g__Enterococcus; s__Enterococcus sp. 6C8_DIV0013
200120.SAMN05216420_10175	r__Root; d__Bacteria; p__Pseudomonadota; c__Betaproteobacteria; o__Nitrosomonadales; f__Nitrosomonadaceae; g__Nitrosospira; s__Nitrosospira sp. Nl5
200120.SAMN05216420_10535	r__Root; d__Bacteria; p__Pseudomonadota; c__Betaproteobacteria; o__Nitrosomonadales; f__Nitrosomonadaceae; g__Nitrosospira; s__Nitrosospira sp. Nl5
200126.SAMN05421754_1002154	r__Root; d__Bacteria; p__Pseudomonadota; c__Betaproteobacteria; o__Nitrosomonadales; f__Nitrosomonadaceae; g__Nitrosomonas; s__Nitrosomonas sp. Nm58
200378.SAMN05216553_103422	r__Root; d__Bacteria; p__Actinomycetota; c__Actinomycetes; o__Pseudonocardiales; f__Pseudonocardiaceae; g__Lentzea; s__Lentzea fradiae
1006004.GBAG_3734	r__Root; d__Bacteria; p__Pseudomonadota; c__Gammaproteobacteria; o__Enterobacterales; f__Enterobacteriaceae; g__Buttiauxella; s__Buttiauxella agrestis
1121939.L861_01450	r__Root; d__Bacteria; p__Pseudomonadota; c__Gammaproteobacteria; o__Oceanospirillales; f__Halomonadaceae; g__Litchfieldella; s__Litchfieldella anticariensis
2020312.RHEC894_CH03004	r__Root; d__Bacteria; p__Pseudomonadota; c__Alphaproteobacteria; o__Hyphomicrobiales; f__Rhizobiaceae; g__Rhizobium; s__Rhizobium sp. CIAT894
202752.JL53_04670	r__Root; d__Bacteria; p__Bacillota; c__Bacilli; o__Bacillales; f__Listeriaceae; g__Listeria; s__Listeria ivanovii
202947.ACEE_08635	r__Root; d__Bacteria; p__Pseudomonadota; c__Gammaproteobacteria; o__Pasteurellales; f__Pasteurellaceae; g__Actinobacillus; s__Actinobacillus equuli
202952.GCA_000747725_03702	r__Root; d__Bacteria; p__Pseudomonadota; c__Gammaproteobacteria; o__Moraxellales; f__Moraxellaceae; g__Acinetobacter; s__Acinetobacter gerneri
203123.OEOE_0238	r__Root; d__Bacteria; p__Bacillota; c__Bacilli; o__Lactobacillales; f__Lactobacillaceae; g__Oenococcus; s__Oenococcus oeni
2034155.BMI79_08500	r__Root; d__Bacteria; p__Pseudomonadota; c__Gammaproteobacteria; o__Enterobacterales; f__Yersiniaceae; g__Serratia; s__Serratia oryzae
204536.SULAZ_0541	r__Root; d__Bacteria; p__Aquificota; c__Aquificia; o__Aquificales; f__Hydrogenothermaceae; g__Sulfurihydrogenibium; s__Sulfurihydrogenibium azorense
206403.YH65_05660	r__Root; d__Bacteria; p__Campylobacterota; c__Epsilonproteobacteria; o__Campylobacterales; f__Sulfurovaceae; g__Sulfurovum; s__Sulfurovum lithotrophicum
208223.BWI95_07655	r__Root; d__Bacteria; p__Pseudomonadota; c__Gammaproteobacteria; o__Enterobacterales; f__Enterobacteriaceae; g__Kosakonia; s__Kosakonia cowanii
208224.BH713_19165	r__Root; d__Bacteria; p__Pseudomonadota; c__Gammaproteobacteria; o__Enterobacterales; f__Enterobacteriaceae; g__Enterobacter; s__Enterobacter kobei
1121943.GCA_000378505_00362	r__Root; d__Bacteria; p__Pseudomonadota; c__Gammaproteobacteria; o__Oceanospirillales; f__Halomonadaceae; g__Modicisalibacter; s__Modicisalibacter luteus
208439.AJAP_14790	r__Root; d__Bacteria; p__Actinomycetota; c__Actinomycetes; o__Pseudonocardiales; f__Pseudonocardiaceae; g__Amycolatopsis; s__Amycolatopsis japonica
208596.CAR_c12200	r__Root; d__Bacteria; p__Bacillota; c__Bacilli; o__Lactobacillales; f__Carnobacteriaceae; g__Carnobacterium; s__Carnobacterium sp. 17-4
210007.SMU_1595	r__Root; d__Bacteria; p__Bacillota; c__Bacilli; o__Lactobacillales; f__Streptococcaceae; g__Streptococcus; s__Streptococcus mutans
211.BKN38_09370	r__Root; d__Bacteria; p__Campylobacterota; c__Epsilonproteobacteria; o__Campylobacterales; f__Helicobacteraceae; g__Helicobacter; s__Helicobacter sp. CLO-3
214095.RU97_GL000881	r__Root; d__Bacteria; p__Bacillota; c__Bacilli; o__Lactobacillales; f__Enterococcaceae; g__Enterococcus; s__Enterococcus canis
216.LS73_04620	r__Root; d__Bacteria; p__Campylobacterota; c__Epsilonproteobacteria; o__Campylobacterales; f__Helicobacteraceae; g__Helicobacter; s__Helicobacter muridarum
216.LS73_07525	r__Root; d__Bacteria; p__Campylobacterota; c__Epsilonproteobacteria; o__Campylobacterales; f__Helicobacteraceae; g__Helicobacter; s__Helicobacter muridarum
218491.ECA0257	r__Root; d__Bacteria; p__Pseudomonadota; c__Gammaproteobacteria; o__Enterobacterales; f__Pectobacteriaceae; g__Pectobacterium; s__Pectobacterium atrosepticum
218493.SBG_3001	r__Root; d__Bacteria; p__Pseudomonadota; c__Gammaproteobacteria; o__Enterobacterales; f__Enterobacteriaceae; g__Salmonella; s__Salmonella bongori
218936.GCA_000820125_01951	r__Root; d__Bacteria; p__Pseudomonadota; c__Gammaproteobacteria; o__Aeromonadales; f__Aeromonadaceae; g__Aeromonas; s__Aeromonas simiae
1122137.GCA_000375545_00499	r__Root; d__Bacteria; p__Pseudomonadota; c__Alphaproteobacteria; o__Kordiimonadales; f__Kordiimonadaceae; g__Kordiimonas; s__Kordiimonas gwangyangensis
220668.lp_2736	r__Root; d__Bacteria; p__Bacillota; c__Bacilli; o__Lactobacillales; f__Lactobacillaceae; g__Lactiplantibacillus; s__Lactiplantibacillus plantarum
220714.SAMN05660469_1127	r__Root; d__Bacteria; p__Bacillota; c__Bacilli; o__Lactobacillales; f__Lactobacillaceae; g__Fructobacillus; s__Fructobacillus pseudoficulneus
221126.SAMN04489722_11710	r__Root; d__Bacteria; p__Bacteroidota; c__Flavobacteriia; o__Flavobacteriales; f__Flavobacteriaceae; g__Algibacter; s__Algibacter lectus
221288.GCA_000315565_01919	r__Root; d__Bacteria; p__Cyanobacteriota; c__Cyanophyceae; o__Nostocales; f__Symphyonemataceae; g__Mastigocladopsis; s__Mastigocladopsis repens
221988.MS1805	r__Root; d__Bacteria; p__Pseudomonadota; c__Gammaproteobacteria; o__Pasteurellales; f__Pasteurellaceae; g__Basfia; s__[Mannheimia] succiniciproducens
223786.SAMN05216234_11055	r__Root; d__Bacteria; p__Campylobacterota; c__Epsilonproteobacteria; o__Campylobacterales; f__Hydrogenimonadaceae; g__Hydrogenimonas; s__Hydrogenimonas thermophila
224013.ACX27_11900	r__Root; d__Bacteria; p__Cyanobacteriota; c__Cyanophyceae; o__Nostocales; f__Nostocaceae; g__Nostoc; s__Nostoc piscinale
224911.AAV28_02565	r__Root; d__Bacteria; p__Pseudomonadota; c__Alphaproteobacteria; o__Hyphomicrobiales; f__Nitrobacteraceae; g__Bradyrhizobium; s__Bradyrhizobium diazoefficiens
226185.EF_1711	r__Root; d__Bacteria; p__Bacillota; c__Bacilli; o__Lactobacillales; f__Enterococcaceae; g__Enterococcus; s__Enterococcus faecalis
228410.NE0606	r__Root; d__Bacteria; p__Pseudomonadota; c__Betaproteobacteria; o__Nitrosomonadales; f__Nitrosomonadaceae; g__Nitrosomonas; s__Nitrosomonas europaea
1122138.GCA_000372465_07267	r__Root; d__Bacteria; p__Actinomycetota; c__Actinomycetes; o__Propionibacteriales; f__Kribbellaceae; g__Kribbella; s__Kribbella catacumbae
235279.HH_0921	r__Root; d__Bacteria; p__Campylobacterota; c__Epsilonproteobacteria; o__Campylobacterales; f__Helicobacteraceae; g__Helicobacter; s__Helicobacter hepaticus
240292.Ava_0973	r__Root; d__Bacteria; p__Cyanobacteriota; c__Cyanophyceae; o__Nostocales; f__Nostocaceae; g__Trichormus; s__Trichormus variabilis
240302.BN982_02469	r__Root; d__Bacteria; p__Bacillota; c__Bacilli; o__Bacillales; f__Bacillaceae; g__Halobacillus; s__Halobacillus dabanensis
240427.AYR62_11840	r__Root; d__Bacteria; p__Bacillota; c__Bacilli; o__Lactobacillales; f__Lactobacillaceae; g__Secundilactobacillus; s__Secundilactobacillus paracollinoides
242231.NGO_0574	r__Root; d__Bacteria; p__Pseudomonadota; c__Betaproteobacteria; o__Neisseriales; f__Neisseriaceae; g__Neisseria; s__Neisseria gonorrhoeae
243090.RB4267	r__Root; d__Bacteria; p__Planctomycetota; c__Planctomycetia; o__Pirellulales; f__Pirellulaceae; g__Rhodopirellula; s__Rhodopirellula baltica
243233.MCA1080	r__Root; d__Bacteria; p__Pseudomonadota; c__Gammaproteobacteria; o__Methylococcales; f__Methylococcaceae; g__Methylococcus; s__Methylococcus capsulatus
243277.VC_A0274	r__Root; d__Bacteria; p__Pseudomonadota; c__Gammaproteobacteria; o__Vibrionales; f__Vibrionaceae; g__Vibrio; s__Vibrio cholerae
247490.KSU1_C1630	r__Root; d__Bacteria; p__Planctomycetota; c__Candidatus Brocadiia; o__Candidatus Brocadiales; f__Candidatus Brocadiaceae; g__Candidatus Jettenia; s__Candidatus Jettenia caeni
249189.RV04_GL002260	r__Root; d__Bacteria; p__Bacillota; c__Bacilli; o__Lactobacillales; f__Enterococcaceae; g__Enterococcus; s__Enterococcus hermanniensis
1122150.FD45_GL002356	r__Root; d__Bacteria; p__Bacillota; c__Bacilli; o__Lactobacillales; f__Lactobacillaceae; g__Liquorilactobacillus; s__Liquorilactobacillus nagelii
258594.RPA0794	r__Root; d__Bacteria; p__Pseudomonadota; c__Alphaproteobacteria; o__Hyphomicrobiales; f__Nitrobacteraceae; g__Rhodopseudomonas; s__Rhodopseudomonas palustris
260084.SAMN02927928_0821	r__Root; d__Bacteria; p__Pseudomonadota; c__Alphaproteobacteria; o__Caulobacterales; f__Caulobacteraceae; g__Asticcacaulis; s__Asticcacaulis taihuensis
261292.Nit79A3_2122	r__Root; d__Bacteria; p__Pseudomonadota; c__Betaproteobacteria; o__Nitrosomonadales; f__Nitrosomonadaceae; g__Nitrosomonas; s__Nitrosomonas sp. Is79A3
261292.Nit79A3_2133	r__Root; d__Bacteria; p__Pseudomonadota; c__Betaproteobacteria; o__Nitrosomonadales; f__Nitrosomonadaceae; g__Nitrosomonas; s__Nitrosomonas sp. Is79A3
262324.LG3211_2040	r__Root; d__Bacteria; p__Pseudomonadota; c__Gammaproteobacteria; o__Lysobacterales; f__Lysobacteraceae; g__Lysobacter; s__Lysobacter gummosus
263475.AMD00_01415	r__Root; d__Bacteria; p__Bacillota; c__Bacilli; o__Bacillales; f__Caryophanaceae; g__Viridibacillus; s__Viridibacillus arvi
263852.SAMN02745116_00617	r__Root; d__Bacteria; p__Bacillota; c__Bacilli; o__Lactobacillales; f__Enterococcaceae; g__Pilibacter; s__Pilibacter termitis
264198.Reut_A0030	r__Root; d__Bacteria; p__Pseudomonadota; c__Betaproteobacteria; o__Burkholderiales; f__Burkholderiaceae; g__Cupriavidus; s__Cupriavidus pinatubonensis
264199.stu1658	r__Root; d__Bacteria; p__Bacillota; c__Bacilli; o__Lactobacillales; f__Streptococcaceae; g__Streptococcus; s__Streptococcus thermophilus
264697.ABE28_003445	r__Root; d__Bacteria; p__Bacillota; c__Bacilli; o__Bacillales; f__Bacillaceae; g__Peribacillus; s__Peribacillus muralis
1122154.SAMN02746068_00226	r__Root; d__Bacteria; p__Bacillota; c__Bacilli; o__Lactobacillales; f__Streptococcaceae; g__Pseudolactococcus; s__Pseudolactococcus chungangensis
265726.KY46_12860	r__Root; d__Bacteria; p__Pseudomonadota; c__Gammaproteobacteria; o__Vibrionales; f__Vibrionaceae; g__Photobacterium; s__Photobacterium halotolerans
267212.GCA_001063965_01251	r__Root; d__Bacteria; p__Pseudomonadota; c__Betaproteobacteria; o__Neisseriales; f__Neisseriaceae; g__Neisseria; s__Neisseria bacilliformis
268407.PWYN_04435	r__Root; d__Bacteria; p__Bacillota; c__Bacilli; o__Bacillales; f__Paenibacillaceae; g__Paenibacillus; s__Paenibacillus wynnii
269796.Rru_A1725	r__Root; d__Bacteria; p__Pseudomonadota; c__Alphaproteobacteria; o__Rhodospirillales; f__Rhodospirillaceae; g__Rhodospirillum; s__Rhodospirillum rubrum
271420.SAMN05216535_0593	r__Root; d__Bacteria; p__Pseudomonadota; c__Gammaproteobacteria; o__Pseudomonadales; f__Pseudomonadaceae; g__Stutzerimonas; s__Stutzerimonas xanthomarina
2718.CHUV0807_1707	r__Root; d__Bacteria; p__Pseudomonadota; c__Gammaproteobacteria; o__Cardiobacteriales; f__Cardiobacteriaceae; g__Cardiobacterium; s__Cardiobacterium hominis
272123.Anacy_5601	r__Root; d__Bacteria; p__Cyanobacteriota; c__Cyanophyceae; o__Nostocales; f__Nostocaceae; g__Anabaena; s__Anabaena cylindrica
272558.gene_10726213	r__Root; d__Bacteria; p__Bacillota; c__Bacilli; o__Bacillales; f__Bacillaceae; g__Halalkalibacterium (ex Joshi et al. 2022); s__Halalkalibacterium halodurans
272626.gene_17565134	r__Root; d__Bacteria; p__Bacillota; c__Bacilli; o__Bacillales; f__Listeriaceae; g__Listeria; s__Listeria innocua
272627.CCC_00382	r__Root; d__Bacteria; p__Pseudomonadota; c__Alphaproteobacteria; o__Rhodospirillales; f__Magnetospirillaceae; g__Paramagnetospirillum; s__Paramagnetospirillum magnetotacticum
1122154.SAMN02746068_00394	r__Root; d__Bacteria; p__Bacillota; c__Bacilli; o__Lactobacillales; f__Streptococcaceae; g__Pseudolactococcus; s__Pseudolactococcus chungangensis
272843.PM1905	r__Root; d__Bacteria; p__Pseudomonadota; c__Gammaproteobacteria; o__Pasteurellales; f__Pasteurellaceae; g__Pasteurella; s__Pasteurella multocida
2748.CDIV41_280073	r__Root; d__Bacteria; p__Bacillota; c__Bacilli; o__Lactobacillales; f__Carnobacteriaceae; g__Carnobacterium; s__Carnobacterium divergens
2748.CDIV41_320347	r__Root; d__Bacteria; p__Bacillota; c__Bacilli; o__Lactobacillales; f__Carnobacteriaceae; g__Carnobacterium; s__Carnobacterium divergens
2756.BFR44_08840	r__Root; d__Bacteria; p__Bacillota; c__Bacilli; o__Bacillales; f__Listeriaceae; g__Brochothrix; s__Brochothrix thermosphacta
278197.PEPE_0657	r__Root; d__Bacteria; p__Bacillota; c__Bacilli; o__Lactobacillales; f__Lactobacillaceae; g__Pediococcus; s__Pediococcus pentosaceus
279113.CPter91_3171	r__Root; d__Bacteria; p__Pseudomonadota; c__Betaproteobacteria; o__Burkholderiales; f__Oxalobacteraceae; g__Collimonas; s__Collimonas pratensis
279813.GCA_900176565_01004	r__Root; d__Bacteria; p__Bacillota; c__Bacilli; o__Bacillales; f__Bacillaceae; g__Thalassobacillus; s__Thalassobacillus devorans
28066.RF819_13915	r__Root; d__Bacteria; p__Pseudomonadota; c__Betaproteobacteria; o__Burkholderiales; f__Comamonadaceae; g__Rhodoferax; s__Rhodoferax fermentans
28072.Nos7524_2871	r__Root; d__Bacteria; p__Cyanobacteriota; c__Cyanophyceae; o__Nostocales; f__Nostocaceae; g__Nostoc; s__Nostoc sp. PCC 7524
28090.GCA_002119785_00365	r__Root; d__Bacteria; p__Pseudomonadota; c__Gammaproteobacteria; o__Moraxellales; f__Moraxellaceae; g__Acinetobacter; s__Acinetobacter lwoffii
1122158.GCA_000376945_00195	r__Root; d__Bacteria; p__Pseudomonadota; c__Betaproteobacteria; o__Neisseriales; f__Leeiaceae; g__Leeia; s__Leeia oryzae
28230.SAMN05878443_1592	r__Root; d__Bacteria; p__Bacillota; c__Bacilli; o__Lactobacillales; f__Carnobacteriaceae; g__Carnobacterium; s__Carnobacterium alterfunditum
28258.BFX80_09475	r__Root; d__Bacteria; p__Pseudomonadota; c__Gammaproteobacteria; o__Oceanospirillales; f__Halomonadaceae; g__Cobetia; s__Cobetia marina
283737.SAMN05660453_1328	r__Root; d__Bacteria; p__Bacillota; c__Bacilli; o__Lactobacillales; f__Lactobacillaceae; g__Fructobacillus; s__Fructobacillus durionis
28444.GCA_000719065_03995	r__Root; d__Bacteria; p__Actinomycetota; c__Actinomycetes; o__Streptosporangiales; f__Streptosporangiaceae; g__Herbidospora; s__Herbidospora cretacea
288000.BBta_0791	r__Root; d__Bacteria; p__Pseudomonadota; c__Alphaproteobacteria; o__Hyphomicrobiales; f__Nitrobacteraceae; g__Bradyrhizobium; s__Bradyrhizobium sp. BTAi1
28885.EI16_04705	r__Root; d__Bacteria; p__Pseudomonadota; c__Gammaproteobacteria; o__Thiotrichales; f__Piscirickettsiaceae; g__Hydrogenovibrio; s__Hydrogenovibrio marinus
289370.SAMN05216602_1724	r__Root; d__Bacteria; p__Pseudomonadota; c__Gammaproteobacteria; o__Pseudomonadales; f__Pseudomonadaceae; g__Phytopseudomonas; s__Phytopseudomonas argentinensis
290338.CKO_04671	r__Root; d__Bacteria; p__Pseudomonadota; c__Gammaproteobacteria; o__Enterobacterales; f__Enterobacteriaceae; g__Citrobacter; s__Citrobacter koseri
291985.GCA_000756795_00970	r__Root; d__Bacteria; p__Pseudomonadota; c__Alphaproteobacteria; o__Sphingomonadales; f__Erythrobacteraceae; g__Qipengyuania; s__Qipengyuania vulgaris
292415.Tbd_2167	r__Root; d__Bacteria; p__Pseudomonadota; c__Betaproteobacteria; o__Nitrosomonadales; f__Thiobacillaceae; g__Thiobacillus; s__Thiobacillus denitrificans
1122189.SAMN02745165_03040	r__Root; d__Bacteria; p__Thermodesulfobacteriota; c__Desulfuromonadia; o__Desulfuromonadales; f__Geopsychrobacteraceae; g__Malonomonas; s__Malonomonas rubra
29332.AWH48_03380	r__Root; d__Bacteria; p__Bacillota; c__Bacilli; o__Bacillales; f__Bacillaceae; g__Domibacillus; s__Domibacillus aminovorans
29484.ERS008455_00230	r__Root; d__Bacteria; p__Pseudomonadota; c__Gammaproteobacteria; o__Enterobacterales; f__Yersiniaceae; g__Yersinia; s__Yersinia frederiksenii
29489.VL01_18140	r__Root; d__Bacteria; p__Pseudomonadota; c__Gammaproteobacteria; o__Aeromonadales; f__Aeromonadaceae; g__Aeromonas; s__Aeromonas enteropelogenes
29491.GCA_000820065_02378	r__Root; d__Bacteria; p__Pseudomonadota; c__Gammaproteobacteria; o__Aeromonadales; f__Aeromonadaceae; g__Aeromonas; s__Aeromonas salmonicida
29495.EA26_09750	r__Root; d__Bacteria; p__Pseudomonadota; c__Gammaproteobacteria; o__Vibrionales; f__Vibrionaceae; g__Vibrio; s__Vibrio navarrensis
296.B6D87_00215	r__Root; d__Bacteria; p__Pseudomonadota; c__Gammaproteobacteria; o__Pseudomonadales; f__Pseudomonadaceae; g__Pseudomonas; s__Pseudomonas fragi
298386.PBPRA3376	r__Root; d__Bacteria; p__Pseudomonadota; c__Gammaproteobacteria; o__Vibrionales; f__Vibrionaceae; g__Photobacterium; s__Photobacterium profundum
299766.BFV68_20230	r__Root; d__Bacteria; p__Pseudomonadota; c__Gammaproteobacteria; o__Enterobacterales; f__Enterobacteriaceae; g__Enterobacter; s__Enterobacter hormaechei
299767.GCA_900068845_01003	r__Root; d__Bacteria; p__Pseudomonadota; c__Gammaproteobacteria; o__Enterobacterales; f__Enterobacteriaceae; g__Enterobacter; s__Enterobacter ludwigii
301102.BFV66_20025	r__Root; d__Bacteria; p__Pseudomonadota; c__Gammaproteobacteria; o__Enterobacterales; f__Enterobacteriaceae; g__Enterobacter; s__Enterobacter hormaechei
1122192.SAMN02745673_00543	r__Root; d__Bacteria; p__Actinomycetota; c__Actinomycetes; o__Streptosporangiales; f__Nocardiopsidaceae; g__Marinactinospora; s__Marinactinospora thermotolerans
303682.C662_07968	r__Root; d__Bacteria; p__Pseudomonadota; c__Betaproteobacteria; o__Rhodocyclales; f__Zoogloeaceae; g__Thauera; s__Thauera sp. 28
303682.C662_18068	r__Root; d__Bacteria; p__Pseudomonadota; c__Betaproteobacteria; o__Rhodocyclales; f__Zoogloeaceae; g__Thauera; s__Thauera sp. 28
306263.Cla_1514	r__Root; d__Bacteria; p__Campylobacterota; c__Epsilonproteobacteria; o__Campylobacterales; f__Campylobacteraceae; g__Campylobacter; s__Campylobacter lari
311333.SAMN05421664_1211	r__Root; d__Bacteria; p__Bacteroidota; c__Flavobacteriia; o__Flavobacteriales; f__Weeksellaceae; g__Chryseobacterium; s__Chryseobacterium soldanellicola
312309.VF_1651	r__Root; d__Bacteria; p__Pseudomonadota; c__Gammaproteobacteria; o__Vibrionales; f__Vibrionaceae; g__Aliivibrio; s__Aliivibrio fischeri
314230.DSM3645_10202	r__Root; d__Bacteria; p__Planctomycetota; c__Planctomycetia; o__Pirellulales; f__Pirellulaceae; g__Blastopirellula; s__Blastopirellula marina
314254.OA2633_06134	r__Root; d__Bacteria; p__Pseudomonadota; c__Alphaproteobacteria; o__Maricaulales; f__Maricaulaceae; g__Oceanicaulis; s__Oceanicaulis sp. HTCC2633
316055.RPE_0718	r__Root; d__Bacteria; p__Pseudomonadota; c__Alphaproteobacteria; o__Hyphomicrobiales; f__Nitrobacteraceae; g__Rhodopseudomonas; s__Rhodopseudomonas palustris
316056.RPC_0758	r__Root; d__Bacteria; p__Pseudomonadota; c__Alphaproteobacteria; o__Hyphomicrobiales; f__Nitrobacteraceae; g__Rhodopseudomonas; s__Rhodopseudomonas palustris
316057.RPD_0785	r__Root; d__Bacteria; p__Pseudomonadota; c__Alphaproteobacteria; o__Hyphomicrobiales; f__Nitrobacteraceae; g__Rhodopseudomonas; s__Rhodopseudomonas palustris
